system_id,plot_id,t,x,y,z,sig_x,sig_y,sig_z,target_id,latitude,longitude,altitude,STN
1,1001,5.0,4487509.098900585,3081584.525288544,3322766.217178551,500,500,500,1,31.570615404639465,34.47749057933283,5359.130028990097,1
1,1002,6.5,4487901.705876532,3082059.087192955,3322986.937321468,500,500,500,1,31.56951578664142,34.479268678642114,5979.316441616975,1
1,1003,8.0,4489430.543009714,3081938.899922953,3324882.492331095,500,500,500,1,31.578440473342543,34.46911985775549,7987.637140937149,1
1,1004,9.5,4488692.915276646,3083177.2557529304,3328040.420757555,500,500,500,1,31.602228564488332,34.48425410190121,9721.051644817926,1
1,1005,11.0,4488895.145799576,3083703.1591740865,3328476.4903219,500,500,500,1,31.603381246314417,34.48761011513283,10345.14543136116,1
1,1006,12.5,4489914.776657283,3083816.8120714114,3329889.624127073,500,500,500,1,31.609947370427545,34.482522500532774,11856.338653494604,1
1,1007,14.0,4489909.018379046,3083707.990904574,3330813.2683311,500,500,500,1,31.617340967812257,34.481613226445184,12283.994053207338,1
1,1008,15.5,4491075.984640832,3084676.3066437184,3332786.2606618954,500,500,500,1,31.62533532504718,34.483059419938115,14604.376564535312,1
1,1009,17.0,4491220.287565718,3085304.5403955644,3334645.688401771,500,500,500,1,31.637339769413025,34.487645613450795,15983.690835502,1
1,1010,18.5,4491752.592651708,3086532.5107514905,3334613.3811433148,500,500,500,1,31.63174150124365,34.49511767557402,16932.33909857087,1
1,1011,20.0,4491808.357312822,3086681.637153706,3336631.042066293,500,500,500,1,31.6465757195889,34.49607774691399,18101.771530563943,1
1,1012,21.5,4492472.604539852,3087509.107600552,3339001.379412464,500,500,500,1,31.659923737381543,34.499291687059724,20210.61148112453,1
1,1013,23.0,4493323.196596704,3087063.7163046766,3339742.401543342,500,500,500,1,31.66347599048584,34.49037052403028,20981.57711097598,1
1,1014,24.5,4493245.1993209245,3087738.1140384744,3341405.198360665,500,500,500,1,31.67469714659801,34.49667631446333,22124.904242481105,1
1,1015,26.0,4494246.193777721,3088113.477359331,3342280.424539389,500,500,500,1,31.67649450106297,34.493970028706656,23467.505970066413,1
1,1016,27.5,4494398.170689846,3087838.612450468,3343454.448878747,500,500,500,1,31.68561468770108,34.490685354092854,24058.226318252277,1
1,1017,29.0,4493776.810959451,3088641.9761616667,3343913.8741006176,500,500,500,1,31.68939662424089,34.50133998267054,24250.951828765683,1
1,1018,30.5,4494987.091448592,3089638.1630394245,3346775.3183783493,500,500,500,1,31.70389501434558,34.5027626718983,27083.15578696318,1
1,1019,32.0,4495516.545807298,3090136.540811332,3347142.6576847327,500,500,500,1,31.703310136062065,34.50392646751206,27887.59472862165,1
1,1020,33.5,4496025.594406293,3090771.6864307444,3348890.082772476,500,500,500,1,31.712979613277305,34.506394950233506,29469.000400945544,1
1,1021,35.0,4496606.656763376,3089326.0329080364,3349605.3540795115,500,500,500,1,31.720045804462377,34.49042652383773,29555.87749900855,1
1,1022,36.5,4496642.887364767,3090639.093603505,3349940.870799558,500,500,500,1,31.718957161088884,34.501575530335224,30390.25191655755,1
1,1023,38.0,4497735.948645268,3091013.3970438326,3351944.093671734,500,500,500,1,31.72899726768622,34.49831388925615,32390.16398983356,1
1,1024,39.5,4498160.859334398,3091970.832113175,3353654.118808717,500,500,500,1,31.73783404014525,34.50407039317525,34048.64769664686,1
1,1025,41.0,4497651.576557155,3092173.9091868573,3353190.232064914,500,500,500,1,31.735732360892392,34.50885559627388,33545.548686807044,1
1,1026,42.5,4498263.402390092,3092519.2272965875,3354992.066974612,500,500,500,1,31.74617530245154,34.508204160652866,35088.594382295385,1
1,1027,44.0,4498153.82640979,3092921.99160607,3356320.775245387,500,500,500,1,31.755657599191338,34.51233924757827,35905.05491035152,1
1,1028,45.5,4498815.500662514,3093468.749363702,3357024.060856669,500,500,500,1,31.756984755786167,34.51313299632639,37002.20696105994,1
1,1029,47.0,4499050.562752314,3093176.1792611377,3357351.0312388386,500,500,500,1,31.759345666740284,34.509205435431674,37198.0548799634,1
1,1030,48.5,4499281.636929189,3094273.551107694,3359210.8364499523,500,500,500,1,31.76968835414637,34.51731999454925,38867.63454598561,1
1,1031,50.0,4500585.536141298,3093076.60791985,3359821.2398495106,500,500,500,1,31.77246909778822,34.499220651050464,39526.0076565044,1
1,1032,51.5,4499163.36563465,3095664.880810756,3360382.9996863264,500,500,500,1,31.775358406059787,34.530050224548525,40072.36099993717,1
1,1033,53.0,4501552.177560916,3096585.334131709,3362827.726872823,500,500,500,1,31.7822306546204,34.52380264676128,43476.363677936606,1
1,1034,54.5,4500428.813444532,3095575.0617990764,3363300.117868393,500,500,500,1,31.792896767657226,34.52174999283911,42451.81331479736,1
1,1035,56.0,4500479.467194072,3095907.144488002,3363781.2875384605,500,500,500,1,31.79547516401852,34.52431873143823,42900.76125469431,1
1,1036,57.5,4500454.442047555,3096548.420981832,3364854.835402763,500,500,500,1,31.8020297328274,34.53000884147922,43757.84871274233,1
1,1037,59.0,4500337.89342002,3097114.820349435,3365413.647414652,500,500,500,1,31.805220912644558,34.53559550572494,44243.6227346519,1
1,1038,60.5,4501782.108575402,3097236.97425088,3365999.5855233124,500,500,500,1,31.803738266656172,34.52806567264916,45622.39289730042,1
1,1039,62.0,4502562.814993825,3098006.061031742,3366754.443692669,500,500,500,1,31.804390155528512,34.53006902925966,46937.30540410429,1
1,1040,63.5,4502959.244219856,3098013.1109804725,3367922.4628606536,500,500,500,1,31.81171586347357,34.5277743277825,47833.88126315083,1
1,1041,65.0,4502293.198566218,3098151.753399937,3368565.7711337646,500,500,500,1,31.818827436883147,34.53292953077509,47773.53879311588,1
1,1042,66.5,4502634.135374212,3098813.5236743144,3369417.6218046662,500,500,500,1,31.82221006112524,34.536618234343564,48780.10798167251,1
1,1043,68.0,4502928.208699193,3099215.7915015235,3368827.215976467,500,500,500,1,31.81550099835425,34.53834404665664,48868.45513674244,1
1,1044,69.5,4502709.550054999,3099340.826078652,3371210.812044,500,500,500,1,31.834140040419776,34.54072303821054,50032.57747171912,1
1,1045,71.0,4502437.763939921,3098692.3457247126,3371160.91636216,500,500,500,1,31.83655286385705,34.536738863820965,49503.69989802502,1
1,1046,72.5,4503615.771857183,3099724.160193911,3372278.4203839432,500,500,500,1,31.837706244508805,34.538647416008686,51414.5595909534,1
1,1047,74.0,4503891.83504982,3099852.2823427483,3372291.9990018825,500,500,500,1,31.83639352861841,34.538113210698945,51676.6270014504,1
1,1048,75.5,4504264.586304599,3099651.313196808,3373656.8456586567,500,500,500,1,31.845853544362,34.53416392330556,52560.73671551701,1
1,1049,77.0,4504771.528872949,3101254.626043429,3374720.6311809663,500,500,500,1,31.847674862512783,34.54499022030558,54248.960426337086,1
1,1050,78.5,4503904.873346167,3100421.5618073884,3375339.9853642588,500,500,500,1,31.85797761664904,34.54294962268713,53568.22124290466,1
1,1051,80.0,4505019.401055536,3101450.5408596625,3374849.021558315,500,500,500,1,31.84716259636429,34.54520826863665,54584.507892293856,1
1,1052,81.5,4504337.881571346,3100923.720027122,3375676.463433211,500,500,500,1,31.85750588815216,34.54471089392369,54290.60526929889,1
1,1053,83.0,4504598.544705808,3101726.7473897305,3376457.981962997,500,500,500,1,31.860278528103223,34.5500917462203,55272.24987046793,1
1,1054,84.5,4504337.194116904,3102129.140449433,3377219.8938174094,500,500,500,1,31.8660025954614,34.55511650646787,55685.47474103048,1
1,1055,86.0,4504936.906172752,3102447.489556619,3376771.296030968,500,500,500,1,31.85941352027774,34.55429979212032,56021.51200654078,1
1,1056,87.5,4505108.149319953,3102603.284084026,3378265.26128911,500,500,500,1,31.86967285655779,34.554626421266285,57005.02346049156,1
1,1057,89.0,4504675.484674354,3102878.293321093,3378073.3553309795,500,500,500,1,31.869161546145065,34.559569412539304,56733.56632529944,1
1,1058,90.5,4505839.1806865325,3102913.496895989,3378972.1054855385,500,500,500,1,31.87136639441807,34.552959688945364,58038.96619931143,1
1,1059,92.0,4505221.024178547,3102845.0085053407,3378729.762107894,500,500,500,1,31.872112855965945,34.55604101554197,57445.66599201504,1
1,1060,93.5,4505936.802440197,3102963.966170172,3379377.8660193235,500,500,500,1,31.873931287794196,34.55281515300548,58345.80868526548,1
1,1061,95.0,4506477.153814541,3103605.113889231,3379045.347479533,500,500,500,1,31.867592347653037,34.555135366187834,58856.99897206016,1
1,1062,96.5,4506948.344784956,3104119.0899647246,3379937.167167044,500,500,500,1,31.87115349653717,34.556769089539465,59905.0128033543,1
1,1063,98.0,4505720.813747024,3103729.3826388423,3380421.505536642,500,500,500,1,31.880641132494617,34.56069964111851,59114.585220831446,1
1,1064,99.5,4505874.181773396,3104164.4267067835,3381173.0241387542,500,500,500,1,31.884582011983444,34.56354019897963,59828.33447726257,1
1,1065,101.0,4506092.456913699,3104291.4411054347,3381648.703706474,500,500,500,1,31.887002113705204,34.56333878227694,60293.41153448261,1
1,1066,102.5,4506276.109433214,3103668.9819470355,3381615.3634982686,500,500,500,1,31.88770183330487,34.556880232257775,60104.40333893057,1
1,1067,104.0,4507033.272034404,3104747.067706249,3381549.2246959093,500,500,500,1,31.88137221566385,34.56167911515637,61118.21511170548,1
1,1068,105.5,4506806.180242022,3104914.32721912,3383404.231287427,500,500,500,1,31.895874859733453,34.56446985920482,62019.94031112362,1
1,1069,107.0,4505599.487531757,3104194.9385322263,3382002.329938236,500,500,500,1,31.891858794766577,34.56543524263785,60089.0562994862,1
1,1070,108.5,4506949.477085469,3105800.0790010644,3382562.581694356,500,500,500,1,31.886564610172574,34.5712542390858,62102.17635834031,1
1,1071,110.0,4506954.438515826,3104894.56393543,3382640.5399045027,500,500,500,1,31.88956051511664,34.56341891787547,61710.598233084194,1
1,1072,111.5,4506947.177216342,3105917.375914064,3382348.7313860287,500,500,500,1,31.88463782267023,34.57227893302787,62044.12261262536,1
1,1073,113.0,4505854.288819349,3105863.3800242306,3381991.331481464,500,500,500,1,31.886317403441435,34.57830622398373,61065.23804752436,1
1,1074,114.5,4506617.836949374,3106765.5967850373,3383007.3076538453,500,500,500,1,31.88864018118167,34.581545929024955,62570.495917702094,1
1,1075,116.0,4507019.297960234,3106374.130588544,3382094.7111683832,500,500,500,1,31.88120861363824,34.57578725626419,62180.46727147047,1
1,1076,117.5,4506411.481430273,3106497.3461798243,3383151.908108874,500,500,500,1,31.891256499892485,34.58046004799205,62373.361745648086,1
1,1077,119.0,4507292.490660042,3106089.8263322865,3382679.7636142857,500,500,500,1,31.88534517109062,34.571714243678805,62543.50164432451,1
1,1078,120.5,4506121.045659068,3107348.8806437217,3382585.666932174,500,500,500,1,31.885810450826984,34.589524287095145,62281.616028356366,1
1,1079,122.0,4506775.830962117,3107551.12125203,3383012.402192476,500,500,500,1,31.885961852314583,34.587376338591376,63062.22380900756,1
1,1080,123.5,4506877.675987476,3107293.5370490896,3382722.642200034,500,500,500,1,31.88405895212976,34.58455172906698,62856.20964269247,1
1,1081,125.0,4506559.420576201,3107430.0652443203,3382807.6905982923,500,500,500,1,31.88557418721379,34.5876190353649,62744.46196106821,1
1,1082,126.5,4506765.494684369,3107779.914727588,3382124.2297953167,500,500,500,1,31.878654587416907,34.58940911000393,62696.17302859202,1
1,1083,128.0,4507079.712986632,3107167.970871074,3382286.903815976,500,500,500,1,31.8803064046452,34.58226947644855,62706.78708326444,1
1,1084,129.5,4506496.141057113,3108538.952037536,3383801.768489591,500,500,500,1,31.89038719416682,34.5975491282258,63759.90833383333,1
1,1085,131.0,4506151.658610764,3108096.799921356,3382068.869885656,500,500,500,1,31.8797695408185,34.59578692853705,62390.61102384143,1
1,1086,132.5,4506484.551925786,3107924.6866012337,3381459.1413738886,500,500,500,1,31.874313857410016,34.59232578794785,62218.34037414845,1
1,1087,134.0,4506149.950036353,3108074.6015479546,3382023.2812700355,500,500,500,1,31.879489896887105,34.59560582119217,62354.6370359892,1
1,1088,135.5,4506663.597410322,3108095.666358693,3381077.51591465,500,500,500,1,31.870266630340343,34.592735031887244,62224.43664207868,1
1,1089,137.0,4506471.611893518,3107747.361504511,3380722.8561187824,500,500,500,1,31.869254337671315,34.59087480644989,61735.026982865296,1
1,1090,138.5,4506909.5224079965,3108093.961650586,3381109.35319802,500,500,500,1,31.8695580354489,34.59125913417398,62412.354464476,1
1,1091,140.0,4505314.8709282745,3108558.665812313,3381270.256143706,500,500,500,1,31.87572444637278,34.60473993714867,61606.66638202593,1
1,1092,141.5,4506438.974736562,3109469.854281481,3380150.5967836617,500,500,500,1,31.86042871018748,34.60590778233725,62240.77290841285,1
1,1093,143.0,4505756.041926586,3108551.4589578304,3380220.6210013265,500,500,500,1,31.86606931183172,34.60205541914953,61357.35964251403,1
1,1094,144.5,4505182.925172113,3109067.8858492267,3380662.188872164,500,500,500,1,31.87026033552629,34.60991143264687,61438.962493002415,1
1,1095,146.0,4505969.340912265,3109576.9093504483,3379192.3819623822,500,500,500,1,31.85469519086756,34.609621253421174,61458.3517450532,1
1,1096,147.5,4505157.80366545,3109482.3137594983,3379841.518128522,500,500,500,1,31.86302221133378,34.613630893551885,61188.05570982024,1
1,1097,149.0,4505476.505222685,3109459.283825496,3378317.417553592,500,500,500,1,31.85028350245022,34.611537750414406,60595.316476368345,1
1,1098,150.5,4505407.804823101,3109654.969369814,3378382.0421340205,500,500,500,1,31.85051643052316,34.61363178565862,60675.80889829155,1
1,1099,152.0,4505430.336457563,3109998.340225018,3378798.8906233674,500,500,500,1,31.852672440041378,34.61645541201116,61077.22288652882,1
1,1100,153.5,4504663.045357963,3109364.4541633204,3377947.601046837,500,500,500,1,31.85088726360845,34.61555740538494,59785.73235668708,1
1,1101,155.0,4503740.766397834,3109313.5637947777,3377072.6766444067,500,500,500,1,31.847961685187503,34.620603919136634,58654.76656658296,1
1,1102,156.5,4504893.058894477,3109241.6984323086,3376166.665394604,500,500,500,1,31.8368060678115,34.61313221112187,58947.67203609087,1
1,1103,158.0,4504921.843012781,3109689.751211548,3376776.854751476,500,500,500,1,31.840126514783314,34.616820755036706,59505.912558387965,1
1,1104,159.5,4505266.890249214,3109219.242141421,3376236.605150868,500,500,500,1,31.835946952645017,34.610716137976375,59235.11187880859,1
1,1105,161.0,4502345.408566506,3109907.2338646445,3375260.412921433,500,500,500,1,31.838026204342228,34.634020173193534,57009.81588714663,1
1,1106,162.5,4503653.202415019,3109617.939490471,3374767.492933889,500,500,500,1,31.829985038916234,34.62374701809343,57524.40266826283,1
1,1107,164.0,4503565.414442741,3109088.555150992,3375100.959642104,500,500,500,1,31.834275566496917,34.619708314287514,57383.37102266308,1
1,1108,165.5,4503585.750696218,3109618.986256312,3373966.785122865,500,500,500,1,31.824163292518215,34.62415726499373,57055.48858882859,1
1,1109,167.0,4502589.564970236,3109298.0475877426,3372468.066418693,500,500,500,1,31.817502696850283,34.62731871922094,55413.77803447563,1
1,1110,168.5,4502444.489291279,3110419.618786478,3371852.39350511,500,500,500,1,31.8103837721624,34.637844656644525,55529.42335861735,1
1,1111,170.0,4502192.203808048,3109575.5513956114,3371972.759695965,500,500,500,1,31.8145375138232,34.63207421151201,55008.82068411913,1
1,1112,171.5,4502226.442239884,3109470.499429602,3371227.023222498,500,500,500,1,31.809019846731484,34.63096532565146,54588.92784587108,1
1,1113,173.0,4501729.457664142,3109412.864235877,3370167.267808174,500,500,500,1,31.803047880390384,34.633426375341166,53655.0310560884,1
1,1114,174.5,4501159.337573743,3109011.813279958,3369541.578079636,500,500,500,1,31.80157727636546,34.63336380762736,52732.917595688254,1
1,1115,176.0,4501941.861014022,3109123.3128737565,3367835.45282594,500,500,500,1,31.7852738053734,34.62966728132765,52435.15549992677,1
1,1116,177.5,4500533.8110726485,3108797.707639545,3368247.2865569023,500,500,500,1,31.794736845920315,34.63524229402938,51510.06589053664,1
1,1117,179.0,4501321.859640745,3109341.9192527216,3367052.202470885,500,500,500,1,31.7811363046687,34.635241067078944,51694.57064105943,1
1,1118,180.5,4500358.077149094,3109234.451916532,3366270.811347677,500,500,500,1,31.77921775045564,34.6400525046101,50557.03752291482,1
1,1119,182.0,4501009.678508739,3108562.22147828,3365670.774740645,500,500,500,1,31.773927757098757,34.630379969740744,50372.02721870877,1
1,1120,183.5,4499299.624942392,3109237.862030161,3364690.4110352583,500,500,500,1,31.771289456183712,34.646384886998185,48986.18256140221,1
1,1121,185.0,4499151.077215504,3109006.0798549475,3364340.941665485,500,500,500,1,31.769827212174828,34.6452719319346,48586.25908156205,1
1,1122,186.5,4499940.668467455,3108739.00493272,3363279.944677503,500,500,500,1,31.75940799079816,34.638267839928766,48450.95363236405,1
1,1123,188.0,4498298.473515657,3108928.389329833,3362482.4982247446,500,500,500,1,31.75919683005389,34.64968099612156,46974.01656016428,1
1,1124,189.5,4498932.389751719,3108801.360429246,3360811.896810116,500,500,500,1,31.74436215320999,34.644809907057784,46476.92079954594,1
1,1125,191.0,4498430.303164725,3108833.0940721915,3360921.500628452,500,500,500,1,31.747057467500703,34.64807421622548,46198.6726369597,1
1,1126,192.5,4498808.319040721,3109680.2970423247,3359613.05182002,500,500,500,1,31.733360839639804,34.65312438865442,46184.45324067399,1
1,1127,194.0,4497826.9135583,3108398.5868632765,3358567.1423967304,500,500,500,1,31.73262980827394,34.64792327033073,44327.89626859035,1
1,1128,195.5,4497974.214396925,3108078.1688966034,3357334.428461549,500,500,500,1,31.72352613706619,34.64428327081319,43627.760949416086,1
1,1129,197.0,4496607.590328666,3108709.5610091845,3355445.753261892,500,500,500,1,31.712737911507272,34.65787035691169,41983.8678595433,1
1,1130,198.5,4496813.654275467,3107149.556767559,3355740.862725966,500,500,500,1,31.71836648314968,34.64319087521997,41528.69105951395,1
1,1131,200.0,4495944.21817972,3108666.970506273,3354314.331433471,500,500,500,1,31.706797416805117,34.66145746203859,40904.36922536418,1
1,1132,201.5,4495563.186289319,3107832.982491889,3352105.6502611707,500,500,500,1,31.69366553342154,34.65653773010378,39073.5802524304,1
1,1133,203.0,4495997.102335339,3108134.357829972,3351771.8755446603,500,500,500,1,31.68863220179361,34.65654983939934,39347.76780837774,1
1,1134,204.5,4494840.049653601,3108230.704896888,3350212.1126344525,500,500,500,1,31.680957237425737,34.664279124622055,37765.26988442149,1
1,1135,206.0,4494488.435489817,3107284.647698989,3350791.6346754683,500,500,500,1,31.6892743054717,34.65821670835073,37365.71132015903,1
1,1136,207.5,4494612.888313065,3107580.722557089,3348747.0984193785,500,500,500,1,31.67239874077909,34.660028232857464,36522.34717790876,1
1,1137,209.0,4494273.216890305,3107616.5187971704,3347955.4548249566,500,500,500,1,31.66757635251472,34.662362587241724,35886.255543557,1
1,1138,210.5,4493922.90188607,3107413.212938803,3346137.9122584737,500,500,500,1,31.65560204010854,34.66269832270552,34588.55264891684,1
1,1139,212.0,4492767.776041621,3107016.228987859,3344403.3840004136,500,500,500,1,31.64789152101413,34.66616437076071,32677.378557835706,1
1,1140,213.5,4492277.6179494,3107695.552548786,3343403.4039598084,500,500,500,1,31.64033135354078,34.67494923899401,32138.542400128208,1
1,1141,215.0,4492332.302837711,3107349.8969023,3342443.456097105,500,500,500,1,31.63371111165148,34.671641157769834,31505.88599273376,1
1,1142,216.5,4491438.077663602,3107763.8884449974,3340942.7215881944,500,500,500,1,31.62459530515038,34.68054926880746,30293.26163713634,1
1,1143,218.0,4490990.856691534,3108003.6008354025,3339677.1221013423,500,500,500,1,31.61600999561184,34.68528681111694,29432.71820537001,1
1,1144,219.5,4491343.341054674,3106240.104988621,3339498.180763627,500,500,500,1,31.617999800475665,34.667967578493084,28731.35168733541,1
1,1145,221.0,4489545.95945175,3106246.073749772,3336595.5730855023,500,500,500,1,31.602742964565763,34.6787489727778,25954.00310598593,1
1,1146,222.5,4489459.059525406,3104994.364494808,3335696.839944572,500,500,500,1,31.59955516419853,34.668463453275336,24815.68876996729,1
1,1147,224.0,4489402.917220376,3105100.9998548995,3333767.36570051,500,500,500,1,31.58472092643664,34.669719225758605,23817.23418376036,1
1,1148,225.5,4488803.306508716,3106701.8382416675,3332767.188914094,500,500,500,1,31.575099330706784,34.68711765455499,23649.32622860279,1
1,1149,227.0,4488644.182577132,3106953.9354812545,3330931.2625604537,500,500,500,1,31.56098354622216,34.690243754316214,22698.96188816894,1
1,1150,228.5,4488279.715901599,3104928.0220960584,3330403.8878794955,500,500,500,1,31.563778052778325,34.674933377987585,21185.27695946209,1
1,1151,230.0,4487079.285012925,3106131.074959824,3328264.3102911017,500,500,500,1,31.54881118929974,34.69249111324651,19807.765766079538,1
1,1152,231.5,4486782.400459479,3105508.88124328,3327474.459428546,500,500,500,1,31.5455731382234,34.68889376569033,18884.699363800697,1
1,1153,233.0,4485296.056134284,3106048.667979015,3326018.618545716,500,500,500,1,31.53871855980381,34.70243855778948,17343.470706569962,1
1,1154,234.5,4485534.598777616,3105260.4070236166,3322965.792456432,500,500,500,1,31.51649847989881,34.69420627818302,15531.804819169454,1
1,1155,236.0,4484822.721879707,3104844.963157361,3322038.728049326,500,500,500,1,31.513252382263847,34.694874529758785,14346.642833815888,1
1,1156,237.5,4484686.126527454,3103838.717133082,3321247.4762713225,500,500,500,1,31.510403873064465,34.68700000374129,13349.07590290811,1
1,1157,239.0,4484510.468995388,3104077.157598031,3318965.9708611807,500,500,500,1,31.49293589299263,34.690109866137746,12149.48765640054,1
1,1158,240.5,4483435.813039012,3104012.401849563,3317654.215441876,500,500,500,1,31.48719416795436,34.69597681451954,10679.39191313088,1
2,1161,5.0,4487670.963177998,3081813.4751034924,3321661.552860961,700,750,600,1,31.5608928177,34.47851258443415,5004.982790648006,1
2,1162,8.0,4488853.557442119,3082061.747067936,3324953.0444904566,700,750,600,1,31.580897717347327,34.47362170175832,7678.587122388184,1
2,1163,11.0,4489424.74556794,3083998.2178884177,3328839.148862245,700,750,600,1,31.60331435705365,34.48701395150763,11049.269121092744,1
2,1164,14.0,4490620.807604223,3083905.004591912,3331051.4390454893,700,750,600,1,31.615871679000552,34.47908295600917,13003.485748176465,1
2,1165,17.0,4492067.995276598,3084975.1490297285,3333654.8717530053,700,750,600,1,31.62733355892705,34.4797442415171,15900.197029097935,1
2,1166,20.0,4490746.460645418,3085711.99882527,3335659.398086896,700,750,600,1,31.645857454663748,34.49399844811443,16379.439491407946,1
2,1167,23.0,4493676.125625219,3086544.3064168813,3340255.687728285,700,750,600,1,31.667418036022365,34.48377070836627,21248.309778512456,1
2,1168,26.0,4494768.509338669,3088893.1349271294,3342011.783798763,700,750,600,1,31.67032615917945,34.49761322030318,24068.59551822394,1
2,1169,29.0,4495293.232481478,3088782.683754215,3344832.1746551665,700,750,600,1,31.69014221550364,34.49353504140265,25864.591815925203,1
2,1170,32.0,4495343.463521729,3089287.084049796,3347460.292467256,700,750,600,1,31.70868046381317,34.49760308565077,27523.840225080028,1
2,1171,35.0,4496298.367229029,3090237.153619018,3349888.7935459125,700,750,600,1,31.720973887796013,34.50014627927306,29927.697392414324,1
2,1172,38.0,4497776.04660239,3092260.2256012466,3352024.480017273,700,750,600,1,31.726122330294302,34.50886201631007,33061.27250534017,1
2,1173,41.0,4497883.747917647,3094170.5886845286,3354922.369481484,700,750,600,1,31.742704383821053,34.52474289325208,35581.650155567564,1
2,1174,44.0,4497897.750015579,3092784.968776002,3356080.9912550347,700,750,600,1,31.75519145557642,34.51267703592479,35533.42424080614,1
2,1175,47.0,4499756.866003972,3094293.1083908947,3358144.576330181,700,750,600,1,31.75966207255904,34.514663709087074,38648.66608391702,1
2,1176,50.0,4500775.42045067,3094405.140925238,3360294.0731028253,700,750,600,1,31.77178191861428,34.50957792909634,40547.805505408905,1
2,1177,53.0,4502746.977408279,3096534.983466777,3361821.660905216,700,750,600,1,31.770061230764146,34.5162680134838,43759.18583171815,1
2,1178,56.0,4501460.269761653,3097524.93547942,3364678.22582475,700,750,600,1,31.79416273562631,34.532466041419006,44839.50083791092,1
2,1179,59.0,4501275.114991584,3097817.3124381904,3365758.246851327,700,750,600,1,31.80232021431439,34.53609217561794,45419.8319195956,1
2,1180,62.0,4502406.604921354,3096954.088953841,3367704.618049646,700,750,600,1,31.815039713822607,34.52191086758681,46822.09137834795,1
2,1181,65.0,4503425.472666029,3098351.760081794,3369725.054457131,700,750,600,1,31.82270675212748,34.52792878107206,49273.718076764606,1
2,1182,68.0,4503631.138718699,3099061.6737178955,3369881.885390252,700,750,600,1,31.82120101377397,34.532836690211205,49842.30153235048,1
2,1183,71.0,4502852.320737693,3099817.264729996,3371979.332660264,700,750,600,1,31.838151810786,34.543987884418215,50767.382132588886,1
2,1184,74.0,4503595.305143402,3099614.2368008355,3372883.135451361,700,750,600,1,31.842675592323296,34.53782007643357,51666.31194018666,1
2,1185,77.0,4505600.356067325,3101759.914097456,3374796.660622136,700,750,600,1,31.843679770376795,34.54442676878332,55112.39725287538,1
2,1186,80.0,4504422.04694006,3101242.45876096,3374379.6977561894,700,750,600,1,31.846475879349565,34.54696147748726,53818.68064748682,1
2,1187,83.0,4504204.874031969,3100873.50251146,3376231.504005846,700,750,600,1,31.86237275130015,34.54506774594698,54466.34432551265,1
2,1188,86.0,4505836.217370361,3101773.3117499747,3378828.789021685,700,750,600,1,31.873341527261,34.54314150948847,57412.11194140278,1
2,1189,89.0,4504966.220971553,3103859.489670379,3378417.746834208,700,750,600,1,31.86801906867203,34.56630500863859,57591.46370330453,1
2,1190,92.0,4504813.429768518,3104436.73933159,3377788.8230865,700,750,600,1,31.862293426795343,34.572191095184564,57430.758711424656,1
2,1191,95.0,4505780.343545492,3104754.25928787,3379710.458187198,700,750,600,1,31.87227105322749,34.56918363461094,59274.48117880523,1
2,1192,98.0,4506427.721138894,3103139.8494592607,3380657.776444656,700,750,600,1,31.88126437185206,34.551416409473624,59449.79048702493,1
2,1193,101.0,4505982.74284567,3104903.577219724,3381599.331572819,700,750,600,1,31.885415048616103,34.5692685819524,60485.51170089096,1
2,1194,104.0,4506271.557385167,3105344.602459118,3382250.7069486147,700,750,600,1,31.88805257214861,34.57135499176329,61244.00758041255,1
2,1195,107.0,4507386.134579457,3105782.175149676,3382489.344604552,700,750,600,1,31.88436093867436,34.56850641564319,62360.16849487554,1
2,1196,110.0,4507568.665073234,3105581.0917082634,3381537.786877816,700,750,600,1,31.876973680911483,34.565689183903565,61888.35610281397,1
2,1197,113.0,4505664.794953924,3106447.308407253,3383095.3580578524,700,750,600,1,31.89386244541102,34.584465531245776,61797.41976154503,1
2,1198,116.0,4506821.005937875,3106081.8940274864,3382933.0083592897,700,750,600,1,31.889118194679572,34.574446420971164,62343.82083413191,1
2,1199,119.0,4507282.627822697,3107556.9425537726,3384342.00853679,700,750,600,1,31.89405825139411,34.584415671842414,64121.705687520094,1
2,1200,122.0,4506794.487981583,3107390.019274825,3384437.2336202296,700,750,600,1,31.89712297925404,34.58587733051134,63750.37655819394,1
2,1201,125.0,4506804.222391153,3107515.426452185,3382418.595983836,700,750,600,1,31.88144457266154,34.58690009046565,62751.21900403965,1
2,1202,128.0,4505217.285955323,3108345.8602489256,3382939.27574492,700,750,600,1,31.88933101361083,34.603486525631155,62317.38419953175,1
2,1203,131.0,4506092.918837192,3107230.599995896,3383314.2865120545,700,750,600,1,31.891761414194825,34.58867214938978,62589.85258862842,1
2,1204,134.0,4506468.794175185,3108582.023689281,3382170.3097599302,700,750,600,1,31.87800817325816,34.59808269743461,62899.81725282967,1
2,1205,137.0,4506108.113401322,3108154.4152189423,3382229.4799891426,700,750,600,1,31.881002292974213,34.596542122685854,62472.777340056375,1
2,1206,140.0,4506112.049589793,3107762.998521292,3381563.8061149046,700,750,600,1,31.876986851898828,34.59314618624418,61935.25457508955,1
2,1207,143.0,4505394.77877451,3108850.292081306,3379698.555689283,700,750,600,1,31.86271067824006,34.606777397581126,60973.348179173656,1
2,1208,146.0,4504515.140430117,3109495.4271704564,3380809.5657739146,700,750,600,1,31.87282487611692,34.61756521298096,61256.29784498364,1
2,1209,149.0,4505740.95112703,3108611.783588737,3380085.507679417,700,750,600,1,31.86494137586125,34.60266483681948,61304.57438558154,1
2,1210,152.0,4504113.399311123,3109700.7282500463,3378565.44628848,700,750,600,1,31.856807941754333,34.621722994574164,59889.863111103885,1
2,1211,155.0,4505116.804266321,3109986.2454914413,3377212.582124474,700,750,600,1,31.84188346592614,34.61821540125278,60015.1776438728,1
2,1212,158.0,4504581.542185832,3108952.6247359966,3377066.052970859,700,750,600,1,31.84561576596823,34.61249408819466,59064.86823246069,1
2,1213,161.0,4503571.635196833,3109166.59110135,3374867.4078516425,700,750,600,1,31.83226897503536,34.62034366115498,57302.19973245636,1
2,1214,164.0,4503908.885534245,3110734.9239873444,3374647.677904892,700,750,600,1,31.82509216778015,34.63184764699146,58179.255418733694,1
2,1215,167.0,4502308.009854445,3109837.620802572,3371900.8350031083,700,750,600,1,31.812839948738628,34.63364298421139,55178.4388988791,1
2,1216,170.0,4502297.043607217,3110496.4495024937,3371393.7032154566,700,750,600,1,31.80726462240948,34.63938397827677,55221.6736012958,1
2,1217,173.0,4503025.1033478975,3109229.516730997,3369579.8652124405,700,750,600,1,31.794050600515355,34.6241369668392,54163.06272165477,1
2,1218,176.0,4501594.571282253,3108367.067054233,3369160.9494057107,700,750,600,1,31.798722740891776,34.625216872298246,52525.32550283335,1
2,1219,179.0,4500667.502840537,3108762.8424902502,3367371.426240635,700,750,600,1,31.787651693034796,34.63414591103285,51125.29570540506,1
2,1220,182.0,4499176.014285177,3108630.5394599186,3366428.119130316,700,750,600,1,31.78661558825087,34.641886468746065,49521.3947113948,1
2,1221,185.0,4500246.855071837,3108654.613862302,3363798.61438548,700,750,600,1,31.76239408653874,34.6357174141454,48897.38213388529,1
2,1222,188.0,4500702.593675236,3109454.457294612,3362553.8949751505,700,750,600,1,31.74901443699175,34.639897254312494,48947.68372531049,1
2,1223,191.0,4498197.197321693,3108296.826588238,3359992.3171829074,700,750,600,1,31.742321856508077,34.64483999884387,45287.44966121297,1
2,1224,194.0,4497792.374780118,3108954.4998672865,3358003.429166931,700,750,600,1,31.726980774970293,34.65292135953362,44276.09837845899,1
2,1225,197.0,4498042.736618161,3108471.535536546,3356819.1823233725,700,750,600,1,31.71828176413864,34.6472663333376,43595.02842025738,1
2,1226,200.0,4495887.9338789005,3109359.84971802,3353210.63726151,700,750,600,1,31.6967449650381,34.667766518705946,40620.28363435902,1
2,1227,203.0,4494253.862908119,3107765.500751115,3352351.4046211108,700,750,600,1,31.700793184544317,34.66376294617798,38253.72832528688,1
2,1228,206.0,4494237.203016922,3107855.4838976176,3349202.160297159,700,750,600,1,31.676590662252345,34.66463837065183,36631.307896409184,1
2,1229,209.0,4494105.328594696,3107957.569930498,3346349.0814264948,700,750,600,1,31.655050582425307,34.66630532614539,35090.6473865509,1
2,1230,212.0,4492870.144799598,3107110.046102904,3345909.017688597,700,750,600,1,31.65874274059136,34.666362985259056,33584.59788833093,1
2,1231,215.0,4491323.259684709,3107654.147187012,3341521.4998288443,700,750,600,1,31.629757061433708,34.6802879184712,30463.202589089982,1
2,1232,218.0,4491832.808511301,3106386.713255573,3339851.64936066,700,750,600,1,31.618414838921,34.66631166343556,29330.48797173146,1
2,1233,221.0,4489842.99704228,3106732.9418560006,3335973.862472762,700,750,600,1,31.595533341675687,34.68117697066233,26072.24503969401,1
2,1234,224.0,4489120.999228879,3105196.953927764,3334905.270751913,700,750,600,1,31.594264164246724,34.67223093616953,24262.29678672459,1
2,1235,227.0,4488416.735279494,3104780.2797853188,3331032.082075984,700,750,600,1,31.568454416113028,34.67283943240136,21538.522521216422,1
2,1236,230.0,4487018.299484075,3105273.5481495773,3329731.750638436,700,750,600,1,31.562585646325378,34.68545230293864,20117.11491557304,1
2,1237,233.0,4486550.742114069,3106374.28254664,3325732.610253238,700,750,600,1,31.53080206731316,34.69774929271028,18231.073681033216,1
2,1238,236.0,4484778.477362814,3104907.2859270344,3322148.9450458684,700,750,600,1,31.514102144983635,34.69567730084463,14403.48401542101,1
2,1239,239.0,4483491.442766898,3103219.0547482986,3319395.4273625547,700,750,600,1,31.502470331443856,34.688790058411946,11243.009973658249,1
1,1242,15.0,4488281.933487858,3080219.736702884,3321077.954586339,500,500,500,2,31.558289992737077,34.46104410330525,4360.136538534425,2
1,1243,16.5,4488700.15671574,3081227.7555581043,3321280.3742239126,500,500,500,2,31.55552777907451,34.46730012222483,5245.971466785297,2
1,1244,18.0,4488740.651034863,3081256.746728252,3322434.2299669734,500,500,500,2,31.564152434301796,34.467310483343255,5892.314643876627,2
1,1245,19.5,4489019.429766481,3082120.140022528,3324288.172417485,500,500,500,2,31.574994392351144,34.47314031535992,7475.074848340824,2
1,1246,21.0,4489894.68209695,3082066.9908084185,3325079.38937392,500,500,500,2,31.57780456077264,34.467467216515175,8478.496919429861,2
1,1247,22.5,4489489.131875168,3082966.848047008,3326490.116452874,500,500,500,2,31.58780251744056,34.47768682868094,9366.413082570769,2
1,1248,24.0,4490815.772909905,3082804.2512936573,3326573.965018457,500,500,500,2,31.583721447427468,34.468377619939524,10263.58534242306,2
1,1249,25.5,4491838.481983942,3082274.7326860344,3327689.838812928,500,500,500,2,31.58971631839366,34.45769858270737,11311.109607852064,2
1,1250,27.0,4492208.8922170745,3082565.9810567186,3328528.962083975,500,500,500,2,31.593933306526445,34.45802007385549,12151.219777167777,2
1,1251,28.5,4492160.901031887,3083759.4989317143,3329696.322465945,500,500,500,2,31.59988437091156,34.46865381728374,13304.408026973715,2
1,1252,30.0,4492726.9093058,3083600.633220184,3330311.5390467616,500,500,500,2,31.602823345885486,34.463908457455915,13947.664737342857,2
1,1253,31.5,4492886.656966326,3084355.795897198,3332378.7140657417,500,500,500,2,31.616027461196232,34.4695039776471,15507.253366474062,2
1,1254,33.0,4493042.661971728,3083870.544257917,3332794.718048622,500,500,500,2,31.619903197331677,34.464369559553624,15601.01657606475,2
1,1255,34.5,4494310.433804375,3083767.5580464075,3333971.764066591,500,500,500,2,31.62426400473093,34.4559354781718,17058.639198263176,2
1,1256,36.0,4493502.284180907,3083507.6997939297,3334280.718822695,500,500,500,2,31.630466931126584,34.45848983384685,16528.075139334425,2
1,1257,37.5,4493996.587766451,3085211.022105162,3335105.975235577,500,500,500,2,31.63031787590463,34.470312128861224,18128.583758099005,2
1,1258,39.0,4495448.655724935,3085160.1109082443,3336656.019862094,500,500,500,2,31.63667462176606,34.4612346651174,19936.32853305805,2
1,1259,40.5,4494898.5240039015,3086947.8278134507,3336451.4350584443,500,500,500,2,31.632476141423385,34.479993551751704,20304.349802970886,2
1,1260,42.0,4496136.203527645,3086916.032649513,3337544.572117395,500,500,500,2,31.636116775904632,34.47235721347298,21731.064632370137,2
1,1261,43.5,4496231.3565325765,3086458.5536290426,3338407.284321471,500,500,500,2,31.64356901771369,34.467829120760285,22029.97411054093,2
1,1262,45.0,4496651.97526697,3085790.8396986,3338396.4424391994,500,500,500,2,31.643632490895552,34.45954472275026,21997.848389426246,2
1,1263,46.5,4497437.077930425,3086509.653343805,3339491.554195375,500,500,500,2,31.647040713636663,34.4611040421227,23469.744782017544,2
1,1264,48.0,4497786.490127403,3086929.578929305,3340504.700908492,500,500,500,2,31.652311308660465,34.46266393543038,24448.889314845204,2
1,1265,49.5,4497582.680371573,3086287.8087060736,3340665.6425353624,500,500,500,2,31.656046639214296,34.45831731459148,24081.191096804105,2
1,1266,51.0,4497604.65081632,3086763.154943181,3341375.350927909,500,500,500,2,31.66012030323014,34.46230347314839,24698.04431591835,2
1,1267,52.5,4498757.746987709,3088199.764415637,3342538.969219574,500,500,500,2,31.660701600752468,34.46788935853022,26810.00504403934,2
1,1268,54.0,4499246.013020183,3086660.8200474787,3342591.6554877614,500,500,500,2,31.66331150101607,34.45166431323515,26439.155950166285,2
1,1269,55.5,4498647.276707548,3088341.740804547,3343902.6011340907,500,500,500,2,31.6711748380244,34.46977487036976,27516.738664668985,2
1,1270,57.0,4500112.223798635,3087761.57693155,3344818.035078993,500,500,500,2,31.674023633779093,34.4560490976308,28745.943427091464,2
1,1271,58.5,4500391.386757487,3088083.0495252423,3344738.112412913,500,500,500,2,31.671470495155717,34.45717370773547,29054.674161411825,2
1,1272,60.0,4500432.89027249,3087898.8736926885,3345270.0589290354,500,500,500,2,31.67586459841784,34.45533299381757,29274.43199268077,2
1,1273,61.5,4499858.711032257,3088671.8569046063,3345774.9433886083,500,500,500,2,31.6798916433296,34.465434235408566,29508.89892821107,2
1,1274,63.0,4499822.744361245,3089109.258805556,3346468.487044325,500,500,500,2,31.68416226868084,34.46943349458834,30058.57012824621,2
1,1275,64.5,4501111.50612071,3089078.698402246,3346942.0865641707,500,500,500,2,31.68285207253718,34.461513799632705,31196.7835687222,2
1,1276,66.0,4501804.805945926,3088945.243614836,3346927.7280937205,500,500,500,2,31.680403977812084,34.45624204673897,31611.44544577785,2
1,1277,67.5,4501299.330997315,3089544.0877729724,3347554.297810187,500,500,500,2,31.68555601188844,34.46442535780782,31874.21928200312,2
1,1278,69.0,4501462.843387846,3089023.350468425,3348461.903161958,500,500,500,2,31.693239542742937,34.458948439663295,32214.98375851568,2
1,1279,70.5,4502950.482824635,3089304.0232071234,3347995.1329881777,500,500,500,2,31.68314589349994,34.452544992434746,33148.69663747866,2
1,1280,72.0,4502378.543375825,3089758.29523903,3350024.3049756326,500,500,500,2,31.699646919739717,34.45987040348358,34032.1245345911,2
1,1281,73.5,4503367.579876064,3089623.6683274405,3349407.8473096164,500,500,500,2,31.691457224022496,34.45283471891283,34337.31023254059,2
1,1282,75.0,4502498.52898601,3089514.929929137,3349537.5660723066,500,500,500,2,31.696114554687167,34.457052578740814,33743.38934956025,2
1,1283,76.5,4504249.474007847,3090089.255906052,3349384.241289654,500,500,500,2,31.686609546660154,34.45162853554925,35167.822854431346,2
1,1284,78.0,4502505.016612056,3091805.2929687123,3350954.3690627106,500,500,500,2,31.70079279960423,34.47682498327762,35595.22576629557,2
1,1285,79.5,4503915.086909495,3090317.645519187,3350265.670500257,500,500,500,2,31.69402652957157,34.45558831580687,35506.1869984651,2
1,1286,81.0,4503879.415569613,3091117.2277770103,3351276.8943851795,500,500,500,2,31.69974921636979,34.46271530753199,36397.42035821639,2
1,1287,82.5,4503951.346344497,3090044.3476419686,3350731.2609043783,500,500,500,2,31.698167025838995,34.45300922772058,35644.697627116926,2
1,1288,84.0,4504526.008545055,3090519.11756442,3351185.1575215007,500,500,500,2,31.698131786137136,34.45370551960717,36514.89483759832,2
1,1289,85.5,4504308.06608213,3090324.1759161595,3350920.4197662114,500,500,500,2,31.697478326194062,34.45331274188061,36129.05195200909,2
1,1290,87.0,4503793.2448988585,3090650.87401426,3351960.632523077,500,500,500,2,31.706543891795924,34.45919354892049,36471.78272483032,2
1,1291,88.5,4504620.62419246,3091413.0036699814,3351611.9475481086,500,500,500,2,31.69863736005293,34.46087414451304,37235.8360705357,2
1,1292,90.0,4505806.285986875,3091356.4024672457,3352154.39481676,500,500,500,2,31.698320492205877,34.453350136636686,38325.41572174151,2
1,1293,91.5,4505025.740093502,3091093.7576286537,3351395.852465421,500,500,500,2,31.696266158285304,34.455709793132215,37252.812279265374,2
1,1294,93.0,4505673.404760925,3090780.2721198592,3351628.337587348,500,500,500,2,31.69635925948117,34.449156737285655,37678.47403919231,2
1,1295,94.5,4507375.117375427,3090872.917448841,3351954.074250167,500,500,500,2,31.6919874923024,34.43986608881829,39088.26551629044,2
1,1296,96.0,4506363.1589127295,3092143.045174553,3350933.647699189,500,500,500,2,31.68475048049175,34.45684763556526,38453.50177496765,2
1,1297,97.5,4506030.648407986,3091294.015082947,3351922.738586379,500,500,500,2,31.69584837232806,34.45147986314874,38331.07976211794,2
1,1298,99.0,4506926.85562388,3091660.9038739656,3351395.710991799,500,500,500,2,31.687370755209084,34.44933651169959,38859.6352282865,2
1,1299,100.5,4505061.34794408,3091528.727241812,3351359.2222792613,500,500,500,2,31.6946890832681,34.45925960080075,37467.94566457532,2
1,1300,102.0,4506248.334360655,3092511.5269678226,3350647.910848249,500,500,500,2,31.682034883402547,34.46071393123996,38400.27818239201,2
1,1301,103.5,4506112.555421498,3092507.0410102736,3351416.704958394,500,500,500,2,31.688438394321945,34.46148061050688,38706.664672072046,2
1,1302,105.0,4506429.772052056,3092151.682362558,3351173.466911724,500,500,500,2,31.68629821111726,34.456527184452604,38630.36584869027,2
1,1303,106.5,4506098.04816942,3091810.694037178,3351499.4141160087,500,500,500,2,31.690980983859525,34.455547085633455,38404.67858200613,2
1,1304,108.0,4506705.4469189495,3092576.6714330777,3351216.848439944,500,500,500,2,31.684426743972438,34.45856560303122,39051.19325152878,2
1,1305,109.5,4507201.480015018,3092078.2367290994,3351373.24301157,500,500,500,2,31.68502161818576,34.4513155460955,39241.42761213798,2
1,1306,111.0,4506957.494935806,3092754.5075105545,3351304.2109269616,500,500,500,2,31.683640984591165,34.458607750066015,39359.55179214757,2
1,1307,112.5,4507056.212221073,3092097.482655226,3350390.2094495646,500,500,500,2,31.67803575999652,34.45234336188829,38632.4688450126,2
1,1308,114.0,4508013.205965437,3092535.407710697,3350053.1507912828,500,500,500,2,31.67058419357539,34.450453913623974,39337.916225049645,2
1,1309,115.5,4507710.2092134375,3091539.381422523,3350081.525678258,500,500,500,2,31.674628271105977,34.443641139293334,38660.677701353095,2
1,1310,117.0,4507257.662146267,3092179.6552839954,3349309.163500502,500,500,500,2,31.668787501206708,34.4518590288838,38245.77264975663,2
1,1311,118.5,4507078.336763764,3091934.10501348,3350418.140074039,500,500,500,2,31.678598038354213,34.45079990555227,38584.00845215563,2
1,1312,120.0,4507569.667746124,3092097.4215689683,3350092.4759052163,500,500,500,2,31.673771609654292,34.44929814743914,38836.42378216982,2
1,1313,121.5,4507577.076393526,3092395.10251366,3349499.117804498,500,500,500,2,31.668423551269857,34.45182717759432,38673.40340095665,2
1,1314,123.0,4506593.135988905,3092362.775339653,3348622.26405821,500,500,500,2,31.66563756064165,34.45738291743672,37506.96900973469,2
1,1315,124.5,4508053.492607763,3092044.084634302,3348037.028803086,500,500,500,2,31.656353160029344,34.44596858778947,38071.31935628783,2
1,1316,126.0,4507988.329127621,3092238.266562887,3349456.2019049544,500,500,500,2,31.666917711431463,34.448033271351775,38863.99678588752,2
1,1317,127.5,4507667.970459435,3092086.946980021,3346122.282988243,500,500,500,2,31.643120713445665,34.44862474852362,36816.60730084032,2
1,1318,129.0,4506740.465250839,3092363.6545294486,3346102.523931092,500,500,500,2,31.645831551562896,34.4565166871385,36288.40337928571,2
1,1319,130.5,4507777.761381649,3092110.797220859,3346515.2091041454,500,500,500,2,31.645630698710782,34.448179940878376,37111.31603630353,2
1,1320,132.0,4507563.730447812,3091606.876472798,3346139.848380767,500,500,500,2,31.6449366804656,34.44509305186466,36521.46637639962,2
1,1321,133.5,4507563.103922469,3091830.6500388924,3346455.0748083326,500,500,500,2,31.64674995296172,34.44703113152926,36794.1681040125,2
1,1322,135.0,4508513.738268982,3091810.1113380524,3345203.041657812,500,500,500,2,31.63355898942547,34.44121794743198,36794.9212493524,2
1,1323,136.5,4507526.290464251,3091432.1322510703,3345763.8198084314,500,500,500,2,31.642676264557064,34.44380442754256,36213.76037733164,2
1,1324,138.0,4506686.815179079,3092188.11927529,3344648.557713341,500,500,500,2,31.635405791578386,34.455317578560674,35403.45517015178,2
1,1325,139.5,4507988.094424353,3091743.58603974,3343857.5050611794,500,500,500,2,31.62550073823785,34.44375888388521,35688.14949509781,2
1,1326,141.0,4506669.48203291,3091160.630635597,3343695.551155212,500,500,500,2,31.630929477983123,34.44653774950787,34396.56355470512,2
1,1327,142.5,4507540.843039401,3091300.17011824,3343434.3387804744,500,500,500,2,31.625183138166168,34.44257734113023,34938.64194798656,2
1,1328,144.0,4507267.66649607,3091943.577140598,3342987.4408730776,500,500,500,2,31.62111779701639,34.44975907091725,34822.38610083982,2
1,1329,145.5,4506575.201312184,3091411.1428211504,3341758.728742107,500,500,500,2,31.61583365968881,34.44926273696767,33435.48227288108,2
1,1330,147.0,4507347.639114996,3092539.0448422814,3340710.0684654834,500,500,500,2,31.601826538498003,34.45443178844453,33971.72988905292,2
1,1331,148.5,4507319.797581141,3090725.78442492,3340612.737752872,500,500,500,2,31.606012823324058,34.438921945481766,33027.63213576935,2
1,1332,150.0,4506145.994190934,3091287.121634504,3339415.420848886,500,500,500,2,31.59992133867669,34.450736096361176,31846.169233976863,2
1,1333,151.5,4507245.416489848,3090558.315152108,3338631.3332617064,500,500,500,2,31.59160341920906,34.43791493033034,31856.52389996313,2
1,1334,153.0,4507029.877042682,3090978.2702268045,3337243.742991294,500,500,500,2,31.580714782540078,34.44282395866308,31180.626663839445,2
1,1335,154.5,4506467.138563919,3090639.41205522,3336746.625797672,500,500,500,2,31.57999593493057,34.44323101760607,30361.662101933733,2
1,1336,156.0,4506843.383008179,3089980.425160098,3335648.8455135105,500,500,500,2,31.571894000720533,34.43530143400673,29733.68904928118,2
1,1337,157.5,4507238.737901259,3090831.319275674,3335658.332489073,500,500,500,2,31.568172888654352,34.44031501661045,30426.438236412592,2
1,1338,159.0,4507538.022206624,3090296.1910288883,3334727.609577037,500,500,500,2,31.561316661641637,34.43391370174233,29891.71156634297,2
1,1339,160.5,4506445.096461453,3090503.566295838,3333477.2940312456,500,500,500,2,31.55543612207041,34.44218705955014,28569.197079622187,2
1,1340,162.0,4506014.086401618,3089538.3650834304,3333181.142573414,500,500,500,2,31.55740556141182,34.436395771024856,27646.173979328945,2
1,1341,163.5,4506393.433207061,3090871.502966797,3332088.2345615616,500,500,500,2,31.544029955722547,34.4456749677459,27983.423831163906,2
1,1342,165.0,4506188.54764493,3089796.25447063,3331832.575112521,500,500,500,2,31.54572417290313,34.43759164580568,27187.40800457541,2
1,1343,166.5,4505611.765781026,3089578.1112104864,3331269.066581508,500,500,500,2,31.54422585937878,34.43912560342963,26382.0648078043,2
1,1344,168.0,4505145.085462073,3089353.7089634184,3329481.4456048054,500,500,500,2,31.532945020378943,34.439952646516694,25010.8168022288,2
1,1345,169.5,4505065.855898538,3089123.6525198068,3328141.5371759967,500,500,500,2,31.523602336229576,34.43843252996221,24143.557453236543,2
1,1346,171.0,4504985.65402029,3089471.4334899685,3327801.163781005,500,500,500,2,31.520382203104077,34.441916723004496,24076.88068255689,2
1,1347,172.5,4504201.908985806,3088841.1115492666,3326246.3818859714,500,500,500,2,31.51318264759325,34.441113518369896,22409.208312802948,2
1,1348,174.0,4504612.73773579,3088170.67936856,3325055.399765944,500,500,500,2,31.504246005348765,34.432875536686346,21752.41029485222,2
1,1349,175.5,4504078.746232754,3087798.754169341,3325174.895701896,500,500,500,2,31.50821843635512,34.43282496985904,21260.05463626329,2
1,1350,177.0,4504333.16473213,3087857.8261426543,3323097.1367013794,500,500,500,2,31.4911503402826,34.43182684010654,20381.838779821992,2
1,1351,178.5,4503718.636621112,3087995.001195589,3322141.156307129,500,500,500,2,31.485836995755797,34.4366597598155,19516.43697561044,2
1,1352,180.0,4503164.822849047,3086725.565117284,3321807.650326859,500,500,500,2,31.488796217238047,34.42895887832116,18340.622869520448,2
1,1353,181.5,4503739.524761913,3086998.380334785,3319817.183479027,500,500,500,2,31.47057928017079,34.42791056566269,17837.018563924357,2
1,1354,183.0,4503751.342276216,3087971.2219831776,3319515.015293211,500,500,500,2,31.46563315402589,34.436259928873206,18156.76724723354,2
1,1355,184.5,4502584.238237101,3087334.908663185,3317461.081009338,500,500,500,2,31.45608230522612,34.437678646553,15956.781031180171,2
2,1358,15.0,4486130.36116281,3081317.7567054834,3320753.1150186537,700,750,600,2,31.56123099856412,34.48339204569344,3208.275240816176,2
2,1359,18.0,4488185.290278011,3081351.324285905,3322555.7474157424,700,750,600,2,31.566992532303004,34.47143889225295,5611.421783939004,2
2,1360,21.0,4489660.751018659,3081032.103474024,3325500.885260423,700,750,600,2,31.58471099126393,34.45988251608096,8036.035835757852,2
2,1361,24.0,4489998.134602992,3081575.730313903,3326628.208034321,700,750,600,2,31.59059647995962,34.46258994662967,9125.526288212275,2
2,1362,27.0,4491093.687634752,3083510.816912645,3329127.2401717203,700,750,600,2,31.60033501755562,34.47284994535815,12136.96378276404,2
2,1363,30.0,4491480.577811668,3084155.886174972,3331007.3676293725,700,750,600,2,31.61152029737144,34.47613941329065,13704.90066679474,2
2,1364,33.0,4494270.027342597,3085511.711591567,3332496.768556956,700,750,600,2,31.608469402879894,34.47129096768004,17097.52873574011,2
2,1365,36.0,4494367.360752956,3083933.1989495466,3333677.611148033,700,750,600,2,31.62134771801924,34.45703261653709,17024.17849136889,2
2,1366,39.0,4495192.117798164,3084934.803496466,3336037.65776619,700,750,600,2,31.63353979560645,34.46080792158136,19323.359851283956,2
2,1367,42.0,4495702.257994226,3084672.7312252107,3337234.27251896,700,750,600,2,31.641414984722683,34.45550373192605,20182.90940445382,2
2,1368,45.0,4495775.901299953,3085830.4003301426,3339804.245661545,700,750,600,2,31.65770413972972,34.46509599604949,22140.747970354743,2
2,1369,48.0,4496672.734829617,3086359.168274349,3340278.121692799,700,750,600,2,31.656430283338405,34.46434415018271,23273.55424393434,2
2,1370,51.0,4498009.946589045,3087751.054756224,3342101.8062573127,700,750,600,2,31.661463244935607,34.468448864641125,25839.63039374817,2
2,1371,54.0,4500197.7099543465,3088353.1794664413,3343041.3217204874,700,750,600,2,31.65853644821973,34.460662222938204,28158.111197517253,2
2,1372,57.0,4498832.284476769,3086532.227978933,3344656.624357464,700,750,600,2,31.681046294812653,34.45300867419176,27171.123505026106,2
2,1373,60.0,4499873.1570083145,3088194.784734821,3344526.4655783176,700,750,600,2,31.67156951865051,34.46121911778617,28633.696255519983,2
2,1374,63.0,4501015.924547124,3087858.3764235727,3345617.414010806,700,750,600,2,31.67635998099705,34.45151999656237,29846.47927432321,2
2,1375,66.0,4501135.482126828,3089492.1819236805,3347439.8171241907,700,750,600,2,31.68545701736484,34.46494932374922,31674.138981241733,2
2,1376,69.0,4501966.937533997,3090112.535832141,3347331.468322677,700,750,600,2,31.67974438694599,34.46537892811547,32499.324926069938,2
2,1377,72.0,4502676.46462531,3090753.179323769,3348727.626502595,700,750,600,2,31.68593868245657,34.46670775672466,34038.92834545765,2
2,1378,75.0,4502567.962888213,3090392.736298681,3349697.870864053,700,750,600,2,31.69472725076777,34.464234201330285,34298.94182039052,2
2,1379,78.0,4502841.054230923,3089829.9303902257,3349575.472326609,700,750,600,2,31.69423273030326,34.45774437612034,34155.25467425957,2
2,1380,81.0,4504004.422220927,3090502.0364208533,3350533.3592098947,700,750,600,2,31.695230554682738,34.456652964089585,35798.269748659804,2
2,1381,84.0,4505126.1419280805,3090385.06483672,3351154.5483494764,700,750,600,2,31.69592398078108,34.4489855125499,36855.346950544044,2
2,1382,87.0,4504483.569524329,3091030.559495679,3351050.305757498,700,750,600,2,31.695904488909992,34.45838034906333,36660.465176624246,2
2,1383,90.0,4504874.230291553,3091709.569728068,3351789.6949062124,700,750,600,2,31.698217617976116,34.46193350630505,37649.91975088231,2
2,1384,93.0,4506171.197208869,3090232.7073366893,3350844.343322364,700,750,600,2,31.68990362212724,34.441469116870174,37352.35490214732,2
2,1385,96.0,4506089.04036169,3091805.4862092664,3351066.133972429,700,750,600,2,31.68772474404492,34.45555549549305,38168.24337893259,2
2,1386,99.0,4505403.297780302,3090530.5597207528,3351023.9107417725,700,750,600,2,31.69346290912159,34.44859959297064,37051.20372515544,2
2,1387,102.0,4505964.742748503,3090672.2459081244,3352199.27565111,700,750,600,2,31.699870371648338,34.44649452684692,38130.89046129212,2
2,1388,105.0,4508131.724756415,3091188.2556796297,3350741.9213669524,700,750,600,2,31.678964445017588,34.43810693918016,39134.3119744556,2
2,1389,108.0,4506878.60900727,3091124.9382825047,3351018.4065383347,700,750,600,2,31.68610756091024,34.4449890139488,38369.61657675728,2
2,1390,111.0,4507264.478092465,3090677.708504251,3351459.810175936,700,750,600,2,31.68916714139191,34.43883424849456,38657.034351072274,2
2,1391,114.0,4506970.264422977,3091985.6156891417,3350382.797913149,700,750,600,2,31.678610775433818,34.4518860684989,38514.40726762172,2
2,1392,117.0,4507551.06763692,3091482.828271565,3349073.31363314,700,750,600,2,31.667704352799287,34.44409578089612,37992.40379598644,2
2,1393,120.0,4507726.732368569,3092768.89885817,3350371.866767968,700,750,600,2,31.67350550043713,34.45417039508288,39416.63444235455,2
2,1394,123.0,4507736.174815554,3090580.680585236,3348398.3558974606,700,750,600,2,31.66423668881198,34.43519888840881,37333.76611693669,2
2,1395,126.0,4507317.702499251,3092112.585441917,3347911.9959540702,700,750,600,2,31.658071673738988,34.4509232640638,37522.20547415596,2
2,1396,129.0,4507887.118300025,3090521.782414555,3347369.291627839,700,750,600,2,31.6559537872136,34.43379487414847,36871.250209163874,2
2,1397,132.0,4507877.601485166,3091967.397843722,3347242.832790991,700,750,600,2,31.65117866751942,34.446348527094415,37494.14204995148,2
2,1398,135.0,4508149.266022639,3091611.6930246702,3345111.46205529,700,750,600,2,31.634801278382024,34.44166334789988,36395.42440403532,2
2,1399,138.0,4507414.186048542,3090734.345535769,3344761.26127416,700,750,600,2,31.637313068315077,34.43843636051098,35273.145964979194,2
2,1400,141.0,4507957.36524712,3091815.258225336,3342340.8797336854,700,750,600,2,31.613846130293588,34.44456058616203,34905.95607510675,2
2,1401,144.0,4505856.200610845,3090291.2311475463,3341175.1481453083,700,750,600,2,31.61714318164411,34.443843427826565,32085.186242081225,2
2,1402,147.0,4507241.478470151,3091597.2048536404,3341365.402521245,700,750,600,2,31.60974994792375,34.446920170930404,33786.84706835635,2
2,1403,150.0,4506915.909350092,3091074.4615114657,3339311.320185477,700,750,600,2,31.59670608152632,34.4443314131985,32229.94380518049,2
2,1404,153.0,4507555.773946985,3090919.5973219704,3338457.289816214,700,750,600,2,31.588109450233706,34.43919861791789,32157.425255277198,2
2,1405,156.0,4505521.753806268,3091452.5850721244,3336776.0930373115,700,750,600,2,31.581723594880085,34.45586966912497,30104.833503751084,2
2,1406,159.0,4506587.266406487,3089606.3338341163,3334749.063039416,700,750,600,2,31.56699876474317,34.43358475489028,28902.419211382046,2
2,1407,162.0,4506545.138491718,3089787.55433196,3334153.071687999,700,750,600,2,31.5621212233773,34.43540185546196,28648.149572526105,2
2,1408,165.0,4506847.759752093,3089686.699271954,3331931.676593254,700,750,600,2,31.544219320585345,34.432735293854776,27649.812643561512,2
2,1409,168.0,4504018.875256916,3089681.6416411665,3328964.2527471604,700,750,600,2,31.53247690509917,34.449471056973444,24106.810654476285,2
2,1410,171.0,4505356.438502719,3088861.4042295483,3327251.5214849086,700,750,600,2,31.516356251116843,34.434440306617915,23756.141471793875,2
2,1411,174.0,4504160.392896239,3088470.528410216,3324443.7700342704,700,750,600,2,31.500514516990066,34.43815350508001,21259.28873274289,2
2,1412,177.0,4504682.503303523,3088185.868829319,3323341.5547073856,700,750,600,2,31.49079991603215,34.43259312635872,20913.37905506231,2
2,1413,180.0,4503344.384501213,3088088.5035575936,3321059.593859117,700,750,600,2,31.478744392055027,34.43968962184007,18733.47557151969,2
2,1414,183.0,4502996.59872184,3087054.981890552,3319438.0696345125,700,750,600,2,31.47039803204523,34.43280852877055,17143.751973073,2
1,1417,5.0,4488513.84498944,3076210.3063464765,3322213.650791069,500,500,500,3,31.57680953682849,34.424853979083046,3185.5185003215447,2
1,1418,6.5,4488872.452560296,3075745.7739703106,3323264.509776984,500,500,500,3,31.5847221850762,34.41868474350387,3764.156811879948,2
1,1419,8.0,4489980.525799492,3076423.0800034204,3325143.118403406,500,500,500,3,31.59302129996284,34.41797319762439,5852.964297829196,2
1,1420,9.5,4490339.287699888,3077510.1339017474,3325216.869802044,500,500,500,3,31.589290196538617,34.4252772818999,6667.111392877996,2
1,1421,11.0,4489953.294915481,3077472.436321894,3326684.192583422,500,500,500,3,31.60215315345576,34.42724684209031,7146.529590900987,2
1,1422,12.5,4490983.28351023,3077242.979807362,3327671.9588760594,500,500,500,3,31.606332794105224,34.419126462159504,8277.306282431819,2
1,1423,14.0,4491926.3848193465,3077869.271271061,3327938.4249030487,500,500,500,3,31.603033958537697,34.41895350439024,9381.050766360946,2
1,1424,15.5,4491348.907855013,3077913.3844177104,3328987.766381184,500,500,500,3,31.61321244576969,34.42277129700165,9546.556506412104,2
1,1425,17.0,4491854.357871556,3077827.59500213,3329799.7179849185,500,500,500,3,31.61769945071619,34.41902013856961,10285.965587199666,2
1,1426,18.5,4492079.873397585,3078268.037782237,3331156.6867781114,500,500,500,3,31.62604940583452,34.421501758735175,11367.849197371865,2
1,1427,20.0,4493240.14728907,3078750.513803174,3331455.578238166,500,500,500,3,31.62253546562494,34.41878908409544,12571.79516428616,2
1,1428,21.5,4493935.2632240215,3078952.956105978,3331886.2555022053,500,500,500,3,31.622590137023,34.41641306097032,13383.329704625532,2
1,1429,23.0,4493048.722014645,3078894.714792536,3332140.579485416,500,500,500,3,31.62814593899059,34.42117859962154,12865.93032413628,2
1,1430,24.5,4494011.075159469,3078758.3553285804,3333710.909315618,500,500,500,3,31.63679518224328,34.41427387850826,14299.831383942626,2
1,1431,26.0,4494331.281805614,3079562.636716634,3334362.577833284,500,500,500,3,31.638395059347808,34.41934848639904,15253.584340731612,2
1,1432,27.5,4494929.453402168,3079192.545185881,3334755.6545488164,500,500,500,3,31.640064171085577,34.41258241703499,15701.81616363488,2
1,1433,29.0,4495554.741515549,3080240.74101886,3335541.536819777,500,500,500,3,31.640852934126933,34.417958860159416,17057.609688742086,2
1,1434,30.5,4495436.768118312,3080613.021669276,3336279.310865928,500,500,500,3,31.645968355195667,34.42188872670379,17540.96688924264,2
1,1435,32.0,4495365.449681032,3080280.8798247194,3336085.983111972,500,500,500,3,31.64565167784465,34.41943192775726,17229.619419258088,2
1,1436,33.5,4495572.6413768,3080839.64611682,3337927.5245706257,500,500,500,3,31.657452627126823,34.42304659166227,18610.33638546709,2
1,1437,35.0,4496097.436360853,3080575.414657472,3338153.3211605963,500,500,500,3,31.65784269000993,34.4176365387493,18970.202199481428,2
1,1438,36.5,4497733.545788014,3081243.969027843,3339244.5315566338,500,500,500,3,31.658041528621588,34.41371400191729,21013.4352390673,2
1,1439,38.0,4497434.583875416,3082061.791445988,3338142.01008778,500,500,500,3,31.648587825021306,34.42257975634845,20618.41066714376,2
1,1440,39.5,4497468.792596511,3080573.335851278,3339588.2286168914,500,500,500,3,31.663490084047364,34.40947170541427,20685.33267598133,2
1,1441,41.0,4498224.547342353,3081290.926709811,3340418.624111408,500,500,500,3,31.66498759512248,34.411205039350584,21997.08701229375,2
1,1442,42.5,4498459.936895064,3082604.8943735533,3341009.6531957984,500,500,500,3,31.66508866876509,34.421196841348774,23104.72359949164,2
1,1443,44.0,4498514.6889304165,3082170.6145491325,3341544.6771014524,500,500,500,3,31.670125478955818,34.41710763436065,23215.122992306016,2
1,1444,45.5,4499441.83091164,3082363.916634428,3341475.691177834,500,500,500,3,31.66547451889461,34.413277720049926,23922.86638228409,2
1,1445,47.0,4498890.676992433,3081372.577063964,3342295.374387014,500,500,500,3,31.676530690942037,34.407957381472905,23489.44797672145,2
1,1446,48.5,4499401.957179403,3082894.9912415566,3342112.367328826,500,500,500,3,31.66908241791817,34.41811688134405,24484.584853109904,2
1,1447,50.0,4499541.471959466,3083328.6932367817,3342442.0432270668,500,500,500,3,31.6699039997234,34.42104666595594,24964.266218693,2
1,1448,51.5,4499525.439463423,3082936.727859652,3343663.385825289,500,500,500,3,31.680348554844446,34.417745381187366,25405.7868232755,2
1,1449,53.0,4499687.977234623,3082737.2092034533,3344020.194973605,500,500,500,3,31.682975435897905,34.415051388051985,25611.32328279689,2
1,1450,54.5,4500363.158253897,3083863.489853733,3344780.550894288,500,500,500,3,31.683156349904653,34.42080177782467,27026.37717122957,2
1,1451,56.0,4500899.7012397535,3083968.2933364594,3344543.873723309,500,500,500,3,31.678980781446665,34.41852472422045,27329.138968686573,2
1,1452,57.5,4499392.9487819495,3084372.563070826,3344233.436397925,500,500,500,3,31.68139232627341,34.43097271446605,26302.916072675027,2
1,1453,59.0,4500770.840593287,3083696.547108702,3344715.693791856,500,500,500,3,31.681519560024466,34.41693543785783,27198.2029973343,2
1,1454,60.5,4502207.026086613,3084234.132438691,3345777.0503932056,500,500,500,3,31.682609136327716,34.41306903039745,29022.427355123684,2
1,1455,62.0,4501275.350400476,3083902.4312945274,3345176.597903137,500,500,500,3,31.682529902854835,34.41572458932978,27893.47010845412,2
1,1456,63.5,4501381.144889567,3084310.59776596,3345527.551875504,500,500,500,3,31.683711905896704,34.41863234262443,28348.385299806483,2
1,1457,65.0,4501968.840074718,3083739.4637913927,3345547.163486581,500,500,500,3,31.683097603234994,34.41019752533917,28496.576989981342,2
1,1458,66.5,4502290.321247379,3084144.4080275027,3345545.1171416263,500,500,500,3,31.68075228023064,34.41179766260005,28915.94253858179,2
1,1459,68.0,4502018.44281854,3084771.1530663064,3345186.153501554,500,500,500,3,31.677397094875364,34.41883919096292,28838.007372147404,2
1,1460,69.5,4502414.349059496,3085369.256460443,3345742.6908758697,500,500,500,3,31.67851541733918,34.42166938011508,29695.914111506198,2
1,1461,71.0,4502333.087079664,3084748.67240298,3345964.705800625,500,500,500,3,31.682181223575878,34.41677742390227,29456.953881202266,3
1,1462,72.5,4501968.947643725,3085094.3009686824,3346862.4919277136,500,500,500,3,31.68953432679413,34.42193147449934,29839.15915927291,3
1,1463,74.0,4502348.827316663,3084868.1318830675,3346613.5714707733,500,500,500,3,31.686758194097923,34.41771858074791,29866.27087489981,3
1,1464,75.5,4502500.078865356,3085673.393590982,3346956.171683271,500,500,500,3,31.686640556078306,34.423794167331515,30539.733384702355,3
1,1465,77.0,4502227.194100032,3084902.109594376,3346032.334115064,500,500,500,3,31.68270081428947,34.418734581912055,29491.937744872645,3
1,1466,78.5,4503232.32114151,3084788.568608599,3346365.551112362,500,500,500,3,31.6816394898053,34.41178791912183,30317.958812170666,3
1,1467,80.0,4503011.068309752,3085198.307342084,3345885.5939726685,500,500,500,3,31.67774212902664,34.416648574899554,30107.636935210787,3
1,1468,81.5,4502959.686795401,3085268.817210438,3346281.456978044,500,500,500,3,31.68077789937649,34.41756396164951,30313.373528950848,3
1,1469,83.0,4503055.949027709,3085965.8132774136,3345543.9180144137,500,500,500,3,31.672912797675007,34.42302769144443,30328.938551208004,3
1,1470,84.5,4503396.06681649,3085075.3754981384,3346323.714576737,500,500,500,3,31.679919075511464,34.41330015440472,30548.880488474853,3
1,1471,86.0,4503736.574175357,3085533.2129827845,3345809.7959510074,500,500,500,3,31.673450075588576,34.415244541527024,30738.2783459248,3
1,1472,87.5,4503311.41350772,3085315.05682034,3346042.194100095,500,500,500,3,31.677459415005288,34.4158777024185,30456.886694008484,3
1,1473,89.0,4503675.308747983,3086618.739220146,3346221.7658124645,500,500,500,3,31.67394327921292,34.425005451798704,31433.79133901373,3
1,1474,90.5,4503028.878897367,3086655.6549642165,3346111.874180747,500,500,500,3,31.6755183469412,34.42916034652516,30940.06886902917,3
1,1475,92.0,4502984.013872044,3085094.990516454,3345989.132527692,500,500,500,3,31.678913505243177,34.41591443701222,30093.322242355905,3
1,1476,93.5,4503495.331202078,3086019.2363565844,3344887.421765048,500,500,500,3,31.666047333218724,34.42088343550324,30318.44184421096,3
1,1477,95.0,4503820.728065279,3085912.17007702,3344717.487727717,500,500,500,3,31.663769478323463,34.41802624440409,30406.192205681466,3
1,1478,96.5,4503870.758588563,3085275.326285593,3344314.8095692107,500,500,500,3,31.66219447017263,34.412215797192395,29923.589200904597,3
1,1479,98.0,4503943.60349093,3086345.810613348,3343615.141571777,500,500,500,3,31.653715029305022,34.42105133378134,30122.53363972623,3
1,1480,99.5,4504324.08177956,3085169.356253236,3344142.3988756496,500,500,500,3,31.65939724121833,34.40860970729373,30100.454726266675,3
1,1481,101.0,4503864.718119124,3086497.5334168854,3345156.1188958576,500,500,500,3,31.665390333738653,34.42283263994196,30948.962156428024,3
1,1482,102.5,4504747.10809437,3085519.929085394,3344026.0662459363,500,500,500,3,31.655931013949736,34.40913631347301,30505.101845355704,3
1,1483,104.0,4504905.466991349,3086313.8866001857,3343118.2129796594,500,500,500,3,31.646265862850075,34.41507020607654,30521.881506604142,3
1,1484,105.5,4504262.110525325,3085039.306515331,3342550.071083709,500,500,500,3,31.64781668054613,34.407851195828435,29158.749902378768,3
1,1485,107.0,4504026.735402795,3085826.7488475624,3343184.7682974674,500,500,500,3,31.651485476544508,34.416064784254914,29705.31625704374,3
1,1486,108.5,4505022.162782526,3086759.687393799,3341353.0288997586,500,500,500,3,31.631136734536973,34.418236754284735,29892.41475005541,3
1,1487,110.0,4503885.39694118,3086046.595348312,3342163.812135181,500,500,500,3,31.643647088191692,34.41880638307087,29176.153248935934,3
1,1488,111.5,4504588.369339377,3086546.003470706,3341157.5797473686,500,500,500,3,31.63189623952013,34.418959881045254,29382.385829317383,3
1,1489,113.0,4504301.986539233,3085829.018594037,3341478.572463965,500,500,500,3,31.637370356875625,34.41445189345888,29004.570235366,3
1,1490,114.5,4503825.784224906,3086372.317660677,3340474.4386652485,500,500,500,3,31.63009836492957,34.421979690110376,28404.90838039387,3
1,1491,116.0,4504222.735771639,3085283.523507488,3339777.488035987,500,500,500,3,31.6261256241705,34.4101992208627,27794.27145432401,3
1,1492,117.5,4502569.49010598,3085464.1076281583,3339693.73875583,500,500,500,3,31.63142747226716,34.42157012841057,26675.983058872636,3
1,1493,119.0,4503746.362497378,3086167.4663021453,3339256.117526528,500,500,500,3,31.62163718870794,34.42067749579602,27611.671101258136,3
1,1494,120.5,4503823.748740926,3086182.845018992,3338777.0921973605,500,500,500,3,31.61763272806199,34.420351570501296,27422.29132071696,3
1,1495,122.0,4504046.718008004,3084939.9789030547,3337359.1951452014,500,500,500,3,31.60922935658444,34.40826853887839,26237.50114592072,3
1,1496,123.5,4503394.084993327,3085344.0016783527,3336328.7089421893,500,500,500,3,31.60280593086705,34.41563790190089,25433.353527586907,3
1,1497,125.0,4503427.455605271,3085397.568960876,3336486.853330291,500,500,500,3,31.603743718405287,34.4159037576601,25565.459225475788,3
1,1498,126.5,4503066.68451492,3085429.728050159,3336125.0145592447,500,500,500,3,31.60229079396164,34.418322466495084,25137.846179666,3
1,1499,128.0,4503013.515657674,3084720.662383551,3334869.5351043595,500,500,500,3,31.59477680407973,34.41249786311989,24101.32065140456,3
1,1500,129.5,4504141.637163311,3084633.241294202,3334402.618566365,500,500,500,3,31.58705557454248,34.40504954540171,24607.45138430968,3
1,1501,131.0,4502467.921907455,3085127.510212888,3333538.5959354364,500,500,500,3,31.5856261825102,34.41925810500286,23216.599955474027,3
1,1502,132.5,4502843.962567066,3084893.312524321,3332869.022611263,500,500,500,3,31.579663545309337,34.41499888451184,23017.425893970765,3
1,1503,134.0,4502506.804960445,3085373.081534649,3332097.4056322505,500,500,500,3,31.573788782337363,34.42115388440581,22607.451528431848,3
1,1504,135.5,4502615.506494081,3084440.2345646312,3330796.238919939,500,500,500,3,31.565884136969466,34.41243050221369,21553.422521323897,3
1,1505,137.0,4502826.714470334,3084808.5262431414,3331545.1070931074,500,500,500,3,31.5698196233818,34.414366975612175,22271.26206969563,3
1,1506,138.5,4501946.432513854,3084059.4604140418,3328788.539725868,500,500,500,3,31.554114908530373,34.41310235659615,19848.90849480964,3
1,1507,140.0,4502506.542676499,3084613.8076418005,3328186.297506357,500,500,500,3,31.5458532527782,34.41458024632837,20194.5533103263,3
1,1508,141.5,4502117.63069835,3084221.717249309,3327708.901948842,500,500,500,3,31.544746852264616,34.413491930830496,19482.511109812185,3
1,1509,143.0,4502391.977126173,3083945.3693712503,3326753.261634113,500,500,500,3,31.53709353981285,34.40947052007078,19042.4059937736,3
1,1510,144.5,4501621.380205074,3083706.8948779274,3326934.521628299,500,500,500,3,31.542107029046637,34.41197717882758,18480.52684840653,3
1,1511,146.0,4501767.173804591,3082743.596601879,3325237.653018121,500,500,500,3,31.531094780499537,34.4027664675218,17231.57234282326,3
1,1512,147.5,4501279.936604806,3083749.3201198312,3324370.977564356,500,500,500,3,31.523667624900124,34.4143710002292,16920.1690829359,3
1,1513,149.0,4501307.557931906,3083753.183333069,3323477.934865943,500,500,500,3,31.51670230210705,34.41424053986249,16474.573342549615,3
1,1514,150.5,4500170.522760752,3083849.23351718,3323534.3167694467,500,500,500,3,31.52129066356979,34.42182189122265,15750.731654010711,3
1,1515,152.0,4500640.564706665,3082708.635294849,3320915.1472222176,500,500,500,3,31.502407550075212,34.409149112764624,14162.751775001176,3
1,1516,153.5,4499998.579929746,3083533.183038261,3320821.034122393,500,500,500,3,31.501984521393755,34.420104485066126,14059.346597786993,3
1,1517,155.0,4501069.604179272,3083185.574997064,3318946.0289406967,500,500,500,3,31.484366125307695,34.4107352739135,13665.732314124703,3
2,1520,5.0,4489250.905568932,3075963.977763727,3321636.423339908,700,750,600,3,31.570164093843303,34.4183276940382,3282.6540523143485,2
2,1521,8.0,4490090.7415726045,3077947.3370842976,3324482.0716141555,700,750,600,3,31.58345173990156,34.43055182858109,6318.159615605138,2
2,1522,11.0,4489917.664130814,3076694.3837468256,3325663.873089136,700,750,600,3,31.596538805190946,34.4207031736435,6212.244736994617,2
2,1523,14.0,4491497.258546089,3076902.6629219227,3329223.582386903,700,750,600,3,31.617140057709417,34.41311461208261,9287.891352599489,2
2,1524,17.0,4492841.562084211,3078583.2027056064,3329358.1106505683,700,750,600,3,31.608454286658617,34.419707218315274,11111.729593284428,2
2,1525,20.0,4492856.730449936,3079525.806968072,3330303.759172168,700,750,600,3,31.61313086089729,34.42779621816284,12071.844322215766,2
2,1526,23.0,4494105.934838422,3079141.2135214224,3332828.5403959444,700,750,600,3,31.628644179089985,34.41703188983918,14087.921339868568,2
2,1527,26.0,4494342.786560237,3078737.059496337,3335164.180592587,700,750,600,3,31.64669260625131,34.412117368651074,15284.956296341494,2
2,1528,29.0,4494253.421175954,3081149.9542495166,3336273.9091420136,700,750,600,3,31.64910071593281,34.4335795855395,16965.63184165582,2
2,1529,32.0,4494998.188320735,3080252.7314912407,3338362.3835029174,700,750,600,3,31.664583918177,34.42137055133211,18152.856840124357,2
2,1530,35.0,4497229.954605712,3080304.577740453,3338885.093673223,700,750,600,3,31.659756289191343,34.40855973707601,20019.26688733417,2
2,1531,38.0,4496443.657540357,3081278.3636544133,3340019.236466066,700,750,600,3,31.66889832754028,34.42167495256583,20530.96053491719,2
2,1532,41.0,4498976.688823452,3081552.894380831,3339829.252928852,700,750,600,3,31.656853442694608,34.40900980174648,22341.913040480576,2
2,1533,44.0,4498732.846261535,3081730.2883970453,3341279.2853373326,700,750,600,3,31.66842079071492,34.41199539124913,23017.15752815921,2
2,1534,47.0,4499203.597504184,3083021.770879044,3342613.6977946376,700,750,600,3,31.6733494028469,34.42039334347235,24669.532023227774,2
2,1535,50.0,4500337.872920216,3083371.398897427,3343204.8304505777,700,750,600,3,31.672523128237767,34.41668849804979,25944.44046024792,2
2,1536,53.0,4498964.291072487,3082871.006505288,3343532.4417568846,700,750,600,3,31.681706722853068,34.4205078862932,24911.478049178608,2
2,1537,56.0,4499905.899624852,3083313.3515000097,3344860.3402071395,700,750,600,3,31.687012330458224,34.41875000956789,26482.691632255912,2
2,1538,59.0,4501115.263481172,3084028.2695486047,3345259.926258951,700,750,600,3,31.683454008374504,34.41776481186755,27885.378977013752,2
2,1539,62.0,4501151.557361026,3083963.022952891,3344166.4434466576,700,750,600,3,31.675130664118367,34.41698419387036,27305.21666801069,2
2,1540,65.0,4502533.210386862,3084710.538081208,3345508.7569774766,700,750,600,3,31.678021290124597,34.415259747792774,29339.65154178068,2
2,1541,68.0,4501574.127081729,3085924.162172338,3344910.517390827,700,750,600,3,31.673945967621968,34.431460924414125,28936.092683349736,2
2,1542,71.0,4502529.907842775,3084871.173156018,3346757.0224228213,700,750,600,3,31.68714145740753,34.41667047324928,30070.198334950957,3
2,1543,74.0,4502992.16441025,3085758.8110696897,3347134.977538166,700,750,600,3,31.685864876320007,34.421613925769115,31020.15182883572,3
2,1544,77.0,4503553.982419791,3084335.1773653505,3346397.3979342054,700,750,600,3,31.681839514889717,34.40595358418216,30342.488178790547,3
2,1545,80.0,4503762.867510603,3085924.4717421755,3346122.587465371,700,750,600,3,31.6746948339554,34.418475962219766,31109.184469515458,3
2,1546,83.0,4504037.062034867,3085719.6117334715,3346211.329355696,700,750,600,3,31.674852324268283,34.41507600638478,31249.74412035197,3
2,1547,86.0,4502975.442786668,3086984.2153541828,3345378.2844533,700,750,600,3,31.669247129763317,34.432321522206614,30675.48203125689,3
2,1548,89.0,4504682.997958235,3087568.824702579,3346331.3055639765,700,750,600,3,31.66833308899556,34.427250806975216,32655.85057317,3
2,1549,92.0,4503525.489541516,3086387.276613172,3345904.4675232954,700,750,600,3,31.67271877132475,34.42389063714383,31050.65003158897,3
2,1550,95.0,4503378.731865914,3086816.932911961,3345620.491729435,700,750,600,3,31.669975512103857,34.42848057270186,31005.252813500352,3
2,1551,98.0,4503867.331162984,3086343.12778874,3345639.209282762,700,750,600,3,31.669481544807898,34.42148055114096,31130.125676332973,3
2,1552,101.0,4503978.035844377,3085516.7589528183,3343394.4674419025,700,750,600,3,31.65410245839028,34.413669869238284,29632.02274812013,3
2,1553,104.0,4502992.45247036,3085730.7609617664,3343645.428675428,700,750,600,3,31.659280911215607,34.42136935433013,29174.62192762364,3
2,1554,107.0,4505460.225269431,3085271.0705265533,3343460.6073737806,700,750,600,3,31.649501786300235,34.40275371435475,30589.504797855392,3
2,1555,110.0,4503827.86921777,3084967.6693519703,3341972.6587142344,700,750,600,3,31.64528184052695,34.40980627738727,28516.34480746649,3
2,1556,113.0,4504312.182394087,3085534.99869802,3340706.7636708994,700,750,600,3,31.63221349613525,34.41184598827843,28465.4395626029,3
2,1557,116.0,4503720.362475074,3086140.320571974,3340025.8698159177,700,750,600,3,31.62769595536625,34.42059673212641,27983.964074740183,3
2,1558,119.0,4503458.169474285,3085681.7278346936,3339528.7142870687,700,750,600,3,31.62613377150993,34.418181866051,27318.377972745337,3
2,1559,122.0,4503410.343503764,3085761.5387050407,3337014.6998920585,700,750,600,3,31.606879813496004,34.41915657962299,26005.272003946822,3
2,1560,125.0,4504282.077661502,3086576.99836662,3336976.908524154,700,750,600,3,31.601036702401174,34.42104481547241,26990.50581392087,3
2,1561,128.0,4503544.286593495,3084534.876477501,3334818.4743304765,700,750,600,3,31.59281909009394,34.40774051110432,24358.131835963577,3
2,1562,131.0,4503397.776481367,3085201.1456929864,3333884.22312752,700,750,600,3,31.58446580852814,34.4143790526834,24086.52969572507,3
2,1563,134.0,4502890.610021117,3083385.2826495008,3332322.372237042,700,750,600,3,31.57930775776814,34.40166092265933,22037.96769407764,3
2,1564,137.0,4502009.99580331,3083499.6948003,3328974.5211375714,700,750,600,3,31.55678143427775,34.407876290015906,19721.36444814689,3
2,1565,140.0,4502528.733319982,3084269.5108328145,3328513.036849641,700,750,600,3,31.549185732291832,34.41146669219121,20215.28333014436,3
2,1566,143.0,4501946.36001578,3084696.5604187376,3327644.632442381,700,750,600,3,31.54365657005781,34.418620925473434,19557.198794044554,3
2,1567,146.0,4502448.847601267,3084701.2255732785,3325467.0990085257,700,750,600,3,31.52500635897024,34.41567964903506,18773.886038083583,3
2,1568,149.0,4501260.018488566,3083777.0950859752,3323225.623529356,700,750,600,3,31.514888253509064,34.41472982336071,16320.768908721397,3
2,1569,152.0,4500728.463425385,3083342.915296347,3322018.316755097,700,750,600,3,31.50884424158484,34.41412320891048,15106.688750782982,3
2,1570,155.0,4500424.113824271,3083268.290086669,3319556.49072499,700,750,600,3,31.491334544307783,34.415283191794416,13570.343786980024,3
1,1573,25.0,4483231.973723971,3085244.4795864946,3320691.547340948,500,500,500,4,31.56153068478002,34.53474459513682,3036.526460115798,3
1,1574,26.5,4482512.722863096,3084868.582558373,3321673.7701116945,500,500,500,4,31.572876610940316,34.535777436505526,2864.3225377295166,3
1,1575,28.0,4483726.428639659,3084257.909026077,3322297.86537607,500,500,500,4,31.574583986415657,34.52323691359187,3748.064381641336,3
1,1576,29.5,4483688.486186297,3084968.5843975376,3323254.657818221,500,500,500,4,31.58017709111117,34.529627402315505,4565.617252299562,3
1,1577,31.0,4484706.441170232,3085427.68102015,3324085.6553382208,500,500,500,4,31.5813707006527,34.52753504927286,5936.932133389637,3
1,1578,32.5,4484973.279800817,3085752.692415864,3324205.979983713,500,500,500,4,31.58038770684563,34.528761348665746,6344.1610617609695,3
1,1579,34.0,4484812.858592572,3085647.0347896363,3326041.5450998526,500,500,500,4,31.595380869661778,34.52880223576762,7142.044817337766,3
1,1580,35.5,4484753.720496057,3086153.223292641,3326352.391817868,500,500,500,4,31.59664168449684,34.53354395639464,7507.809551225044,3
1,1581,37.0,4484735.790292847,3085940.921111905,3327432.155958751,500,500,500,4,31.60556352470696,34.53181021808829,7958.524460440502,3
1,1582,38.5,4485466.0233554365,3085722.6838368136,3329175.6742835264,500,500,500,4,31.61668060365292,34.525561890075224,9279.380063511431,3
1,1583,40.0,4485284.472914441,3085921.0751110367,3330265.5818435983,500,500,500,4,31.625213571731614,34.528364914434924,9819.202295696365,3
1,1584,41.5,4486374.846620562,3086591.8423649464,3331124.546890956,500,500,500,4,31.625762824557533,34.52767648867471,11358.248424320482,3
1,1585,43.0,4485695.945455596,3085031.9620953384,3330546.664565716,500,500,500,4,31.62814734495,34.51820141980124,9826.199275760911,3
1,1586,44.5,4485406.590815661,3086406.9414049173,3331273.55644149,500,500,500,4,31.63116604595372,34.53184873786297,10667.951909901574,3
1,1587,46.0,4487024.449728187,3085325.1229341268,3332644.424259606,500,500,500,4,31.63827453237649,34.51282190378364,11999.875618062912,3
1,1588,47.5,4486709.71416211,3085964.8329769373,3333297.7252143123,500,500,500,4,31.642793927565783,34.52024435277335,12430.413437039591,3
1,1589,49.0,4486236.192079229,3086125.542976414,3333861.970255645,500,500,500,4,31.648529878113123,34.52446119845638,12471.86159996409,3
1,1590,50.5,4487269.158760259,3085974.714873118,3334340.7998855724,500,500,500,4,31.64858297063725,34.51699456562152,13374.856055323966,3
1,1591,52.0,4487415.091891695,3086462.168868767,3334175.190832272,500,500,500,4,31.645442087517345,34.52034989171194,13625.475659363903,3
1,1592,53.5,4486472.121372321,3086560.104501065,3336308.0809290805,500,500,500,4,31.6651873919348,34.52682128091138,14130.760860579088,3
1,1593,55.0,4487300.103432084,3086436.4228035165,3335567.562797944,500,500,500,4,31.65662455633449,34.5208122638056,14263.045053001491,3
1,1594,56.5,4487380.259997265,3086814.269889306,3337418.840369229,500,500,500,4,31.66947895268792,34.52360933585232,15473.295749537649,3
1,1595,58.0,4487757.994664411,3087182.706736689,3337352.215217522,500,500,500,4,31.66651267554192,34.52455046782259,15880.91221881751,3
1,1596,59.5,4486833.705020504,3085466.7909829146,3338008.7564373515,500,500,500,4,31.67973105041933,34.51518733362488,14749.956629911438,3
1,1597,61.0,4487382.461205396,3086029.248181455,3338376.974805374,500,500,500,4,31.67890801195809,34.51679183860123,15599.33954176586,3
1,1598,62.5,4488730.220393892,3086508.338686449,3339478.7641623383,500,500,500,4,31.680813546096157,34.51291125661299,17354.034936494194,3
1,1599,64.0,4488455.497208158,3085948.088731447,3339696.5907446016,500,500,500,4,31.685049651185302,34.50969259724026,17005.68862238992,3
1,1600,65.5,4488267.133060721,3085854.273586269,3339834.0063940897,500,500,500,4,31.687085867060134,34.51000197270486,16900.559570704587,3
1,1601,67.0,4488468.321742799,3086366.401470888,3341243.9445924466,500,500,500,4,31.695721620681628,34.51324188747529,18029.216708659194,3
1,1602,68.5,4489462.9797995845,3085629.207040032,3340944.3346204846,500,500,500,4,31.69152958428532,34.500925609744115,18213.881455294788,3
1,1603,70.0,4488058.791286561,3086249.10074936,3341879.6104685594,500,500,500,4,31.70249411795971,34.5146660077892,18019.57684120629,3
1,1604,71.5,4488477.896041441,3085765.617006298,3340753.386810126,500,500,500,4,31.69353882258654,34.50797744623537,17488.57878700923,3
1,1605,73.0,4489344.889007799,3086240.1408527857,3342043.04137723,500,500,500,4,31.698760701574024,34.5069242649148,19002.795310145244,3
1,1606,74.5,4488022.684120784,3086173.250113628,3342400.284493196,500,500,500,4,31.70682149284151,34.51422377021593,18231.336133002304,3
1,1607,76.0,4488813.799346418,3086332.360088292,3343396.1031631683,500,500,500,4,31.710932264096947,34.51088802476497,19386.008976843208,3
1,1608,77.5,4488614.498795178,3085798.2375392504,3343128.7230172544,500,500,500,4,31.711093393482965,34.50744616950342,18848.32629164401,3
1,1609,79.0,4489494.515345038,3085958.245846962,3343710.6378856795,500,500,500,4,31.711688617837613,34.50358966043691,19848.244193696417,3
1,1610,80.5,4489840.557697561,3087125.806302964,3343640.026711107,500,500,500,4,31.70667570813244,34.51164609142567,20616.426730017178,3
1,1611,82.0,4489588.908162999,3085641.080717663,3343640.538215969,500,500,500,4,31.71163386371285,34.50027833763774,19724.741099695675,3
1,1612,83.5,4488281.522172837,3086159.229406344,3345243.3099692217,500,500,500,4,31.72759643546096,34.512559538482385,19900.662341207262,3
1,1613,85.0,4489354.287570493,3085428.6727566384,3343783.4221131224,500,500,500,4,31.71420913665909,34.49983491045046,19533.016432954,3
1,1614,86.5,4489036.57927617,3086675.5750000165,3344662.325831484,500,500,500,4,31.718829643106183,34.512534974230434,20373.23327432852,3
1,1615,88.0,4488889.178831318,3085673.231137513,3345428.623992127,500,500,500,4,31.72794782062968,34.50472586269132,20189.832243382,3
1,1616,89.5,4488231.757030504,3085156.8917509425,3345868.084400789,500,500,500,4,31.735252860963183,34.50416732818156,19711.406199950725,3
1,1617,91.0,4488761.136386642,3085779.405343574,3345233.35266565,500,500,500,4,31.726669145463426,34.50640913510985,20048.55371847935,3
1,1618,92.5,4489945.600922601,3085508.7585954475,3344790.651555052,500,500,500,4,31.71939439046696,34.49700667279814,20515.67074115388,3
1,1619,94.0,4488936.413796228,3084771.3331796555,3345007.7349065063,500,500,500,4,31.726960514922617,34.49662600785015,19567.09766709339,3
1,1620,95.5,4489436.16725949,3085332.9313288727,3345408.3689074414,500,500,500,4,31.72657312207456,34.49851721658872,20398.644745813683,3
1,1621,97.0,4490023.149915294,3085193.480539317,3345002.754940764,500,500,500,4,31.72155813776664,34.49381197829227,20529.673272049982,3
1,1622,98.5,4488626.447358031,3085106.7366437567,3346066.517255626,500,500,500,4,31.73536632736963,34.50138059529841,20068.251264444552,3
1,1623,100.0,4487857.8990042005,3085592.9647682654,3345446.8028287888,500,500,500,4,31.73232008127016,34.510175829553305,19437.908574756235,3
1,1624,101.5,4488641.958340724,3085245.335935739,3345835.417997371,500,500,500,4,31.733167626939885,34.502489707904665,20024.339486905374,3
1,1625,103.0,4488418.628018969,3084711.148269645,3346170.5309040104,500,500,500,4,31.738031194551976,34.49918927354424,19786.742627335712,3
1,1626,104.5,4489388.491831213,3084459.356146107,3345845.3027900485,500,500,500,4,31.73243884013228,34.49122810733987,20174.22100034915,3
1,1627,106.0,4487879.055537602,3084801.541403029,3345394.543064731,500,500,500,4,31.73395826213171,34.50318839376018,19043.930751362812,3
1,1628,107.5,4488792.644843538,3084456.399033819,3345203.6244410533,500,500,500,4,31.729862145459062,34.49475207319325,19417.627929556184,3
1,1629,109.0,4488117.534021765,3084254.7058575847,3345195.44565849,500,500,500,4,31.73297100393533,34.49702576861157,18842.93830688577,3
1,1630,110.5,4488235.815049479,3083291.6743472125,3345061.1451471345,500,500,500,4,31.734062174259503,34.48796961107102,18391.380341041837,3
1,1631,112.0,4488398.273633258,3084291.82701528,3343831.8167561507,500,500,500,4,31.721347757185253,34.495674827714566,18340.52082582563,3
1,1632,113.5,4488330.715596605,3083036.4885540185,3344951.754388215,500,500,500,4,31.73353896239544,34.48519098490823,18277.48359787092,3
1,1633,115.0,4488346.95582045,3083787.1974957283,3343984.610300945,500,500,500,4,31.724067813624803,34.49160476562711,18141.7997467462,3
1,1634,116.5,4487826.028695601,3083237.14995475,3344321.6660953914,500,500,500,4,31.73014969117178,34.48993836151917,17688.922668585554,3
1,1635,118.0,4488327.812883431,3083245.21325926,3343981.2127974075,500,500,500,4,31.725567749893,34.48701855087559,17865.548525841907,3
1,1636,119.5,4487207.721713651,3083112.9369405275,3344086.6192114223,500,500,500,4,31.731094955033644,34.49254560718892,17072.0353716081,3
1,1637,121.0,4487020.940273192,3083786.638331549,3343827.681003489,500,500,500,4,31.728037401655907,34.49950205869709,17129.449513449334,3
1,1638,122.5,4486863.53730308,3082011.615725768,3343171.1793884872,500,500,500,4,31.728383304798385,34.48504290753152,15818.894021072423,3
1,1639,124.0,4486654.63184716,3082368.979767704,3341861.3232523664,500,500,500,4,31.718216918524973,34.48938838373638,15155.79977133125,3
1,1640,125.5,4486344.096176299,3080996.196749893,3342328.6958103296,500,500,500,4,31.72668200494856,34.47932765135718,14522.69065134134,3
1,1641,127.0,4486644.086964906,3081584.118288134,3342371.5493765394,500,500,500,4,31.72426514228914,34.48264155179026,15038.669171665795,3
1,1642,128.5,4486359.402051366,3082422.562922492,3341724.586420023,500,500,500,4,31.718177909028128,34.49161296017425,14902.73124922067,3
1,1643,130.0,4485926.594929339,3082307.765545346,3341798.5339718075,500,500,500,4,31.720738939946585,34.49319699642572,14582.873020782135,3
1,1644,131.5,4485601.051008895,3081186.3871431663,3340892.7526046587,500,500,500,4,31.71807920003746,34.485407134771,13338.266889620572,3
1,1645,133.0,4485329.953139315,3080776.559395974,3339725.203597001,500,500,500,4,31.71129507844336,34.48346639624639,12337.017148294486,3
1,1646,134.5,4486217.810141149,3080611.584620072,3339673.417704097,500,500,500,4,31.70787791456949,34.47674237240128,12852.97197077889,3
1,1647,136.0,4485705.919902588,3081298.1765800547,3340543.496796257,500,500,500,4,31.71469694671313,34.48575213092831,13282.031734000891,3
1,1648,137.5,4485568.576646995,3079845.7469765563,3339520.575477456,500,500,500,4,31.71129059173198,34.473964412304404,11948.530070855282,3
1,1649,139.0,4485728.527146523,3080083.281015335,3338382.2763787,500,500,500,4,31.70131303393299,34.475072993839845,11576.846619578078,3
1,1650,140.5,4484442.496916449,3080246.820601616,3338072.073304944,500,500,500,4,31.7035144827186,34.48415927956667,10590.670098691247,3
1,1651,142.0,4484601.049868915,3080374.090032293,3338021.1157589788,500,500,500,4,31.70216484073976,34.48431868631242,10736.38760699518,3
1,1652,143.5,4484206.750769442,3080068.5438495125,3336246.558343876,500,500,500,4,31.69092551905276,34.48401734844015,9380.272856889293,3
1,1653,145.0,4484847.503983812,3080154.050905761,3335450.3548491434,500,500,500,4,31.682096904263304,34.480939178681204,9452.684218470007,3
1,1654,146.5,4484420.514157502,3078613.830996042,3335502.671389194,500,500,500,4,31.688287114422447,34.470112042932264,8438.73676950857,3
1,1655,148.0,4483845.939080748,3078902.2986272546,3334883.0331515498,500,500,500,4,31.685006478240872,34.47604280105284,7849.130011599511,3
1,1656,149.5,4483079.672107428,3077769.542191833,3333962.6475490024,500,500,500,4,31.68397371242157,34.47077409621844,6282.5533387959,3
1,1657,151.0,4483672.240265538,3078538.0404036497,3333025.620358334,500,500,500,4,31.67241997336945,34.47391526613577,6576.375101764686,3
1,1658,152.5,4483691.135436743,3077625.795553812,3333051.50345904,500,500,500,4,31.67498727715057,34.46587941034443,6163.819755312987,3
1,1659,154.0,4482202.741042449,3077811.6154765054,3332436.5787593275,500,500,500,4,31.67557999794358,34.47636981401553,4886.160228128545,3
1,1660,155.5,4481418.450172401,3078038.20989603,3331628.2190094884,500,500,500,4,31.671832288086502,34.48301719614016,4020.6618108656257,3
1,1661,157.0,4481010.351392098,3077873.297091536,3330322.510994744,500,500,500,4,31.66384906869504,34.48401965168349,2969.4017051877454,3
1,1662,158.5,4481590.471975979,3077490.723849083,3329843.66450657,500,500,500,4,31.65893706806596,34.47723459566746,2940.7364378087223,3
1,1663,160.0,4480899.882378787,3076068.516629797,3328650.92271758,500,500,500,4,31.6562867510482,34.46899653673431,1144.9202861664817,3
1,1664,161.5,4480920.546817213,3075887.8738560644,3327602.771242656,500,500,500,4,31.64864416652049,34.467303263052166,522.3620759462938,3
1,1665,163.0,4480207.855388454,3076010.11881092,3328381.004031967,500,500,500,4,31.65707139669568,34.47261818320871,489.4959987504408,3
1,1666,164.5,4478842.978972965,3074835.548951126,3325670.1564542297,500,500,500,4,31.64472882560013,34.47055346638453,-2456.772573066876,3
1,1667,166.0,4479578.0310777975,3074711.467780146,3325755.0080016865,500,500,500,4,31.642844551216445,34.46508758623028,-1956.1272147567945,3
1,1668,167.5,4479674.585060977,3075593.565968391,3324400.174387842,500,500,500,4,31.629699012213567,34.47217988872796,-2173.957922249101,3
1,1669,169.0,4478013.979170544,3074141.6164032524,3323088.0735162245,500,500,500,4,31.6299853558319,34.46946812868001,-4727.437218761072,3
1,1670,170.5,4477946.701057076,3074235.299497161,3322633.1613297137,500,500,500,4,31.626500905279403,34.47068449706851,-4968.076057326049,3
1,1671,172.0,4479032.192774464,3073849.827472636,3321143.504253776,500,500,500,4,31.611848638341044,34.46085283906931,-5172.72526903078,3
1,1672,173.5,4477813.956481467,3073512.79528024,3320519.08377912,500,500,500,4,31.612703417509195,34.46519335423544,-6517.828346948139,3
1,1673,175.0,4477353.701358958,3073965.9829909923,3320295.5685829385,500,500,500,4,31.611566830394903,34.471882944600445,-6739.709130468778,3
1,1674,176.5,4476957.711348807,3073314.2123055905,3319554.556876887,500,500,500,4,31.60915961213913,34.46857843730691,-7720.285448323004,3
1,1675,178.0,4477645.661416846,3072652.818768662,3317187.90499163,500,500,500,4,31.59004343685297,34.458717480291625,-8796.036522012204,3
2,1678,25.0,4483941.107384014,3085672.3703452987,3321353.408990511,700,750,600,4,31.56271344423059,34.534223297346635,4087.407921873965,3
2,1679,28.0,4483113.708732516,3083620.24239782,3323211.389183617,700,750,600,4,31.58568758741877,34.521361343348815,3488.5396717106923,3
2,1680,31.0,4485760.359005346,3083652.4700145205,3324657.4343932336,700,750,600,4,31.586408459032565,34.50585345664765,6119.241517022252,3
2,1681,34.0,4484967.498256029,3086072.9904807555,3327038.206586437,700,750,600,4,31.60128689289737,34.531572931784204,7978.417811595835,3
2,1682,37.0,4485561.524106788,3085799.908114186,3326771.3471020665,700,750,600,4,31.597660406356862,34.525661819354134,8123.575501750223,3
2,1683,40.0,4484980.174467398,3084816.410922951,3329076.3880957216,700,750,600,4,31.620234247874528,34.52060128594603,8449.081339869648,3
2,1684,43.0,4486149.89546408,3085080.5216187253,3330733.734040677,700,750,600,4,31.627685506308254,34.51591541856171,10266.208634895273,3
2,1685,46.0,4485416.627770903,3085312.187190879,3332268.8368039546,700,750,600,4,31.64168682815946,34.52229720907997,10668.752497445792,3
2,1686,49.0,4486997.11514752,3085620.872559095,3334017.215217252,700,750,600,4,31.648109169071603,34.51554893089352,12843.566858670674,3
2,1687,52.0,4487387.959371534,3086392.0160971773,3334920.115961162,700,750,600,4,31.651442120674396,34.51990358103736,13963.4685730068,3
2,1688,55.0,4487811.589372137,3085576.577951614,3337167.867871751,700,750,600,4,31.66919126083125,34.51030979171639,15047.1035716841,3
2,1689,58.0,4487320.583038237,3086665.713101716,3336991.8758844943,700,750,600,4,31.66683944282784,34.5226775559113,15135.636300915852,3
2,1690,61.0,4487404.55314698,3086268.422053227,3338110.1099461466,700,750,600,4,31.67613852505924,34.51873335392289,15590.028419639915,3
2,1691,64.0,4487981.604691033,3087205.92195306,3341286.1442483445,700,750,600,4,31.69569154880983,34.523418637141965,18114.949745391496,3
2,1692,67.0,4486792.46117535,3086642.6145454943,3340543.273903332,700,750,600,4,31.69614508176117,34.52562623681972,16619.406104710884,3
2,1693,70.0,4487680.592574323,3086459.5631598453,3341356.228349214,700,750,600,4,31.699398482903764,34.51874454839989,17580.883936983533,3
2,1694,73.0,4489628.460370356,3086162.0705435146,3343133.517391612,700,750,600,4,31.706207254205196,34.50455821063156,19737.037173543125,3
2,1695,76.0,4488215.632849359,3086017.580117618,3343165.1840468463,700,750,600,4,31.71233847884228,34.51172445013572,18693.59883610159,3
2,1696,79.0,4488958.977751405,3086563.871343437,3343062.5212833327,700,750,600,4,31.707195471485644,34.5120293392186,19424.03581647109,3
2,1697,82.0,4489666.439495289,3086091.5580562865,3345443.148139935,700,750,600,4,31.72391078635903,34.50372084219811,20943.845144262537,3
2,1698,85.0,4489175.154006927,3085310.820979012,3345518.5416321885,700,750,600,4,31.72849169550828,34.49988052897195,20262.96714842133,3
2,1699,88.0,4488617.70929076,3085802.3272453547,3344891.9357560263,700,750,600,4,31.724555698067253,34.5074624877328,19779.532588597387,3
2,1700,91.0,4488633.464924013,3086684.6549596745,3345730.229660004,700,750,600,4,31.728541126534104,34.515015918677065,20656.602998199876,3
2,1701,94.0,4489337.687002605,3084328.6054018573,3345730.820967863,700,750,600,4,31.73211157232341,34.49039712274091,20015.42178033851,3
2,1702,97.0,4488948.173792832,3086613.6361417924,3345559.540426597,700,750,600,4,31.72620040893348,34.51252499953734,20753.17975522205,3
2,1703,100.0,4488362.2259794455,3085946.828964773,3344867.9312549946,700,750,600,4,31.724980402719545,34.51023752772448,19657.47134787403,3
2,1704,103.0,4489349.847321797,3084625.034007081,3345241.54753002,700,750,600,4,31.72752921205642,34.49289469336551,19909.40457648039,3
2,1705,106.0,4488937.095133074,3084179.1764403763,3345677.6311216685,700,750,600,4,31.73366626490452,34.491487838807764,19634.66146117356,3
2,1706,109.0,4488869.936593235,3084189.585937931,3345391.187256715,700,750,600,4,31.731709738600284,34.49197818636339,19441.93987543788,3
2,1707,112.0,4488066.840350771,3083604.3055898123,3343960.193678264,700,750,600,4,31.72546260047385,34.49168772289138,17844.488894354552,3
2,1708,115.0,4487975.837415652,3082727.818799815,3343991.290615533,700,750,600,4,31.728402484704468,34.4846280131348,17374.90885597747,3
2,1709,118.0,4487818.1855224045,3083554.4669267526,3343099.937332955,700,750,600,4,31.71998415612977,34.49273715780584,17193.827188641764,3
2,1710,121.0,4488330.388332083,3081914.6839257684,3343116.0756762214,700,750,600,4,31.722501599191048,34.4754621611804,16771.72376654297,3
2,1711,124.0,4486868.449171966,3082790.5527668432,3342904.514177182,700,750,600,4,31.72423716502085,34.4917711962694,16057.264879753811,3
2,1712,127.0,4486561.362170946,3081667.918839727,3343164.8954491075,700,750,600,4,31.730434371895985,34.48386170506579,15438.22783758305,3
2,1713,130.0,4486657.836079223,3082132.2664603526,3341644.955921506,700,750,600,4,31.71718246608464,34.48731561327192,14930.276873223484,3
2,1714,133.0,4485620.765954278,3081695.703170975,3340508.145049212,700,750,600,4,31.71369345071145,34.489709433918286,13395.221352282912,3
2,1715,136.0,4484630.554944181,3081149.5571262776,3338423.2113517863,700,750,600,4,31.70305227128215,34.49087372081337,11341.95678178314,3
2,1716,139.0,4484061.467078558,3079700.283077296,3338963.688255816,700,750,600,4,31.71329462301725,34.48168650868023,10528.85944826994,3
2,1717,142.0,4483793.854224362,3079935.950370212,3335995.7069822573,700,750,600,4,31.690968606367207,34.48532845543039,8895.018016610295,3
2,1718,145.0,4483081.095446283,3079149.39313947,3335970.224560468,700,750,600,4,31.69566059511159,34.482749770908526,8002.810131650418,3
2,1719,148.0,4482619.683026643,3078348.185196427,3334594.0871239174,700,750,600,4,31.68905917862627,34.478543594792626,6570.26424274873,3
2,1720,151.0,4482514.019763246,3077758.7375231576,3333487.161180269,700,750,600,4,31.68256373855229,34.47405376737469,5630.788341880776,3
2,1721,154.0,4483474.035656559,3077965.8574201707,3332042.875678189,700,750,600,4,31.667188940671707,34.470127645975026,5645.711856518872,3
2,1722,157.0,4483108.963590768,3077601.444092549,3330584.559743596,700,750,600,4,31.65840271920813,34.46913923557098,4448.491091606207,3
2,1723,160.0,4481867.371581123,3077112.80624672,3329025.59613771,700,750,600,4,31.652591671568757,34.47229932799264,2523.618484773673,3
2,1724,163.0,4478824.6952997865,3075325.458067765,3327170.1964731948,700,750,600,4,31.655007393372838,34.474921968218574,-1446.438784130849,3
2,1725,166.0,4479438.816902373,3074887.3177256696,3326378.3128925227,700,750,600,4,31.647703703471358,34.467447273770624,-1642.095264106989,3
2,1726,169.0,4478974.890209754,3073798.3236403777,3323280.5453827414,700,750,600,4,31.62863424126488,34.46074693004472,-4117.351955890656,3
2,1727,172.0,4477783.230738663,3074977.0896365573,3321894.873069433,700,750,600,4,31.619477301938776,34.4781109284165,-5112.396707103588,3
2,1728,175.0,4477052.694214828,3073120.287605873,3318902.765027825,700,750,600,4,31.60429577677375,34.4663243484471,-8088.657531290315,3
2,1729,178.0,4477083.953016599,3073663.4834267767,3317880.1824639863,700,750,600,4,31.59485396770541,34.47086267133835,-8340.677496148273,3
